abbauen,SHIFTER,GOLD_STANDARD
abbiegen,SHIFTER,GOLD_STANDARD
abbitten,NONSHIFTER,GOLD_STANDARD
abblocken,SHIFTER,BOOTSTRAPPED
abbrechen,SHIFTER,BOOTSTRAPPED
abbremsen,NONSHIFTER,GOLD_STANDARD
abbrennen,SHIFTER,BOOTSTRAPPED
abbringen,SHIFTER,BOOTSTRAPPED
abchecken,NONSHIFTER,GOLD_STANDARD
abdämmen,SHIFTER,GOLD_STANDARD
abdanken,NONSHIFTER,BOOTSTRAPPED
abdrängen,NONSHIFTER,BOOTSTRAPPED
abdrehen,SHIFTER,BOOTSTRAPPED
abebben,NONSHIFTER,GOLD_STANDARD
abecedieren,NONSHIFTER,GOLD_STANDARD
aberkennen,NONSHIFTER,GOLD_STANDARD
abfackeln,SHIFTER,BOOTSTRAPPED
abfangen,SHIFTER,GOLD_STANDARD
abfärben,NONSHIFTER,GOLD_STANDARD
abfedern,SHIFTER,BOOTSTRAPPED
abfertigen,NONSHIFTER,BOOTSTRAPPED
abflauen,SHIFTER,GOLD_STANDARD
abfliegen,SHIFTER,BOOTSTRAPPED
abfließen,NONSHIFTER,GOLD_STANDARD
abfüllen,NONSHIFTER,GOLD_STANDARD
abgeben,SHIFTER,BOOTSTRAPPED
abgehen,SHIFTER,GOLD_STANDARD
abgewinnen,NONSHIFTER,GOLD_STANDARD
abgewöhnen,SHIFTER,GOLD_STANDARD
abgleichen,NONSHIFTER,GOLD_STANDARD
abhalftern,NONSHIFTER,BOOTSTRAPPED
abhalten,SHIFTER,BOOTSTRAPPED
abhauen,SHIFTER,GOLD_STANDARD
abheben,NONSHIFTER,BOOTSTRAPPED
abheilen,NONSHIFTER,BOOTSTRAPPED
abhelfen,SHIFTER,BOOTSTRAPPED
abhorchen,NONSHIFTER,GOLD_STANDARD
abhören,NONSHIFTER,GOLD_STANDARD
abkehren,NONSHIFTER,BOOTSTRAPPED
abketten,NONSHIFTER,GOLD_STANDARD
abkippen,NONSHIFTER,GOLD_STANDARD
abklären,NONSHIFTER,BOOTSTRAPPED
abklingen,SHIFTER,BOOTSTRAPPED
abklopfen,NONSHIFTER,GOLD_STANDARD
abknallen,NONSHIFTER,BOOTSTRAPPED
abkommen,SHIFTER,BOOTSTRAPPED
abkratzen,SHIFTER,GOLD_STANDARD
abkucken,NONSHIFTER,GOLD_STANDARD
abkühlen,SHIFTER,GOLD_STANDARD
abkürzen,SHIFTER,BOOTSTRAPPED
abladen,NONSHIFTER,GOLD_STANDARD
ablassen,SHIFTER,GOLD_STANDARD
ablaufen,SHIFTER,BOOTSTRAPPED
ablegen,SHIFTER,BOOTSTRAPPED
ablehnen,SHIFTER,BOOTSTRAPPED
ableugnen,SHIFTER,GOLD_STANDARD
abliefern,NONSHIFTER,GOLD_STANDARD
ablösen,SHIFTER,BOOTSTRAPPED
abluchsen,NONSHIFTER,GOLD_STANDARD
abmachen,SHIFTER,GOLD_STANDARD
abmalen,NONSHIFTER,GOLD_STANDARD
abnehmen,SHIFTER,GOLD_STANDARD
abnibbeln,SHIFTER,GOLD_STANDARD
abnippeln,SHIFTER,GOLD_STANDARD
abordnen,NONSHIFTER,GOLD_STANDARD
abpflücken,NONSHIFTER,GOLD_STANDARD
abplagen,NONSHIFTER,GOLD_STANDARD
abplatten,NONSHIFTER,GOLD_STANDARD
abraten,SHIFTER,GOLD_STANDARD
abräumen,SHIFTER,BOOTSTRAPPED
abreißen,SHIFTER,BOOTSTRAPPED
abreisen,NONSHIFTER,BOOTSTRAPPED
abriegeln,SHIFTER,BOOTSTRAPPED
abrücken,SHIFTER,GOLD_STANDARD
abrufen,NONSHIFTER,GOLD_STANDARD
abrutschen,NONSHIFTER,GOLD_STANDARD
absacken,SHIFTER,GOLD_STANDARD
absagen,SHIFTER,GOLD_STANDARD
absägen,SHIFTER,BOOTSTRAPPED
absahnen,NONSHIFTER,GOLD_STANDARD
absaufen,SHIFTER,GOLD_STANDARD
abschaffen,SHIFTER,BOOTSTRAPPED
abschälen,NONSHIFTER,GOLD_STANDARD
abschalten,SHIFTER,BOOTSTRAPPED
abscheiden,SHIFTER,GOLD_STANDARD
abschieben,SHIFTER,BOOTSTRAPPED
abschießen,NONSHIFTER,BOOTSTRAPPED
abschirmen,SHIFTER,BOOTSTRAPPED
abschlaffen,SHIFTER,BOOTSTRAPPED
abschlagen,SHIFTER,BOOTSTRAPPED
abschließen,SHIFTER,BOOTSTRAPPED
abschmelzen,NONSHIFTER,GOLD_STANDARD
abschotten,SHIFTER,GOLD_STANDARD
abschrecken,SHIFTER,BOOTSTRAPPED
abschreiben,SHIFTER,GOLD_STANDARD
abschütteln,SHIFTER,GOLD_STANDARD
abschwächen,SHIFTER,GOLD_STANDARD
abschwellen,NONSHIFTER,GOLD_STANDARD
abschwirren,NONSHIFTER,BOOTSTRAPPED
abschwören,SHIFTER,BOOTSTRAPPED
absehen,SHIFTER,BOOTSTRAPPED
absenken,NONSHIFTER,BOOTSTRAPPED
absetzen,SHIFTER,BOOTSTRAPPED
absieben,NONSHIFTER,GOLD_STANDARD
absinken,SHIFTER,BOOTSTRAPPED
absondern,NONSHIFTER,BOOTSTRAPPED
absorbieren,NONSHIFTER,BOOTSTRAPPED
abspalten,SHIFTER,BOOTSTRAPPED
abspecken,NONSHIFTER,BOOTSTRAPPED
absperren,SHIFTER,BOOTSTRAPPED
absprechen,SHIFTER,BOOTSTRAPPED
abspringen,SHIFTER,GOLD_STANDARD
abstammen,NONSHIFTER,GOLD_STANDARD
abstauben,NONSHIFTER,GOLD_STANDARD
absteigen,NONSHIFTER,BOOTSTRAPPED
abstellen,SHIFTER,BOOTSTRAPPED
abstempeln,NONSHIFTER,BOOTSTRAPPED
absterben,SHIFTER,GOLD_STANDARD
abstimmen,NONSHIFTER,GOLD_STANDARD
abstoßen,SHIFTER,BOOTSTRAPPED
abstottern,NONSHIFTER,GOLD_STANDARD
abstrahieren,NONSHIFTER,GOLD_STANDARD
abstreiten,SHIFTER,GOLD_STANDARD
abstumpfen,SHIFTER,BOOTSTRAPPED
absuchen,NONSHIFTER,GOLD_STANDARD
abtauchen,NONSHIFTER,BOOTSTRAPPED
abtöten,SHIFTER,BOOTSTRAPPED
abtransportieren,NONSHIFTER,BOOTSTRAPPED
abtreiben,SHIFTER,BOOTSTRAPPED
abtrennen,SHIFTER,BOOTSTRAPPED
abtreten,SHIFTER,BOOTSTRAPPED
abtrinken,NONSHIFTER,GOLD_STANDARD
abtun,SHIFTER,BOOTSTRAPPED
abwählen,SHIFTER,GOLD_STANDARD
abwarten,NONSHIFTER,GOLD_STANDARD
abwaschen,SHIFTER,BOOTSTRAPPED
abwatschen,NONSHIFTER,GOLD_STANDARD
abwehren,SHIFTER,BOOTSTRAPPED
abweichen,SHIFTER,BOOTSTRAPPED
abweisen,SHIFTER,GOLD_STANDARD
abwenden,SHIFTER,BOOTSTRAPPED
abwerfen,SHIFTER,GOLD_STANDARD
abwickeln,NONSHIFTER,GOLD_STANDARD
abwiegeln,NONSHIFTER,GOLD_STANDARD
abwimmeln,SHIFTER,BOOTSTRAPPED
abwürgen,SHIFTER,BOOTSTRAPPED
abziehen,SHIFTER,BOOTSTRAPPED
abzirkeln,NONSHIFTER,GOLD_STANDARD
ächten,NONSHIFTER,GOLD_STANDARD
ächzen,NONSHIFTER,GOLD_STANDARD
ackern,NONSHIFTER,GOLD_STANDARD
addieren,NONSHIFTER,GOLD_STANDARD
adeln,NONSHIFTER,GOLD_STANDARD
adoptieren,NONSHIFTER,GOLD_STANDARD
affizieren,NONSHIFTER,GOLD_STANDARD
agglutinieren,NONSHIFTER,GOLD_STANDARD
akademisieren,NONSHIFTER,GOLD_STANDARD
akkumulieren,NONSHIFTER,GOLD_STANDARD
aktualisieren,NONSHIFTER,GOLD_STANDARD
akzeptieren,NONSHIFTER,GOLD_STANDARD
albern,NONSHIFTER,GOLD_STANDARD
algebraisieren,NONSHIFTER,GOLD_STANDARD
alignieren,NONSHIFTER,GOLD_STANDARD
altern,NONSHIFTER,GOLD_STANDARD
alternieren,NONSHIFTER,GOLD_STANDARD
altertümeln,NONSHIFTER,GOLD_STANDARD
amalgamieren,NONSHIFTER,GOLD_STANDARD
amerikanern,NONSHIFTER,GOLD_STANDARD
amerikanisieren,NONSHIFTER,GOLD_STANDARD
amputieren,SHIFTER,BOOTSTRAPPED
amüsieren,NONSHIFTER,GOLD_STANDARD
anatomieren,NONSHIFTER,GOLD_STANDARD
anbaggern,NONSHIFTER,GOLD_STANDARD
anbandeln,NONSHIFTER,GOLD_STANDARD
anbauen,NONSHIFTER,GOLD_STANDARD
anbehalten,NONSHIFTER,GOLD_STANDARD
anblaffen,NONSHIFTER,GOLD_STANDARD
anblicken,NONSHIFTER,GOLD_STANDARD
aneinanderreihen,NONSHIFTER,GOLD_STANDARD
anfallen,NONSHIFTER,GOLD_STANDARD
anfechten,SHIFTER,BOOTSTRAPPED
anfertigen,NONSHIFTER,GOLD_STANDARD
anflanschen,NONSHIFTER,GOLD_STANDARD
anflehen,NONSHIFTER,GOLD_STANDARD
anfressen,SHIFTER,BOOTSTRAPPED
anfühlen,NONSHIFTER,GOLD_STANDARD
anführen,NONSHIFTER,GOLD_STANDARD
angeben,NONSHIFTER,GOLD_STANDARD
angeln,NONSHIFTER,GOLD_STANDARD
angleichen,NONSHIFTER,GOLD_STANDARD
angreifen,SHIFTER,BOOTSTRAPPED
angurten,NONSHIFTER,GOLD_STANDARD
anheben,NONSHIFTER,GOLD_STANDARD
anheften,NONSHIFTER,GOLD_STANDARD
anheimgeben,NONSHIFTER,BOOTSTRAPPED
anheuern,NONSHIFTER,GOLD_STANDARD
anhimmeln,NONSHIFTER,GOLD_STANDARD
anhören,NONSHIFTER,GOLD_STANDARD
ankämpfen,SHIFTER,GOLD_STANDARD
ankleben,NONSHIFTER,GOLD_STANDARD
anklemmen,NONSHIFTER,GOLD_STANDARD
anknacksen,NONSHIFTER,BOOTSTRAPPED
anknüpfen,NONSHIFTER,GOLD_STANDARD
ankommen,NONSHIFTER,GOLD_STANDARD
ankreiden,NONSHIFTER,GOLD_STANDARD
ankurbeln,NONSHIFTER,GOLD_STANDARD
anlabern,NONSHIFTER,GOLD_STANDARD
anlegen,NONSHIFTER,GOLD_STANDARD
anleiern,NONSHIFTER,GOLD_STANDARD
anleimen,NONSHIFTER,GOLD_STANDARD
anmalen,NONSHIFTER,GOLD_STANDARD
anmaßen,NONSHIFTER,BOOTSTRAPPED
anmoderieren,NONSHIFTER,GOLD_STANDARD
annähern,NONSHIFTER,GOLD_STANDARD
annehmen,NONSHIFTER,BOOTSTRAPPED
annullieren,SHIFTER,GOLD_STANDARD
anodisieren,NONSHIFTER,GOLD_STANDARD
anonymisieren,NONSHIFTER,GOLD_STANDARD
anpappen,NONSHIFTER,GOLD_STANDARD
anpumpen,NONSHIFTER,GOLD_STANDARD
anranzen,NONSHIFTER,GOLD_STANDARD
anregen,NONSHIFTER,GOLD_STANDARD
anrufen,NONSHIFTER,GOLD_STANDARD
anrühren,NONSHIFTER,GOLD_STANDARD
ansagen,NONSHIFTER,GOLD_STANDARD
anschauen,NONSHIFTER,GOLD_STANDARD
anschirren,NONSHIFTER,GOLD_STANDARD
anschnarren,NONSHIFTER,GOLD_STANDARD
anschnauzen,NONSHIFTER,GOLD_STANDARD
anstarren,NONSHIFTER,GOLD_STANDARD
ansteuern,NONSHIFTER,GOLD_STANDARD
anstieren,NONSHIFTER,GOLD_STANDARD
anstrengen,NONSHIFTER,GOLD_STANDARD
ansuchen,NONSHIFTER,GOLD_STANDARD
antanzen,NONSHIFTER,GOLD_STANDARD
anthropomorphisieren,NONSHIFTER,GOLD_STANDARD
antreten,NONSHIFTER,GOLD_STANDARD
antrinken,NONSHIFTER,GOLD_STANDARD
anvertrauen,NONSHIFTER,GOLD_STANDARD
anvisieren,NONSHIFTER,GOLD_STANDARD
anwerfen,NONSHIFTER,GOLD_STANDARD
anwinkeln,NONSHIFTER,GOLD_STANDARD
apologetisieren,NONSHIFTER,GOLD_STANDARD
apologisieren,NONSHIFTER,GOLD_STANDARD
applaudieren,NONSHIFTER,GOLD_STANDARD
approbieren,NONSHIFTER,GOLD_STANDARD
arabisieren,NONSHIFTER,GOLD_STANDARD
argumentieren,NONSHIFTER,GOLD_STANDARD
aromatisieren,NONSHIFTER,GOLD_STANDARD
arrangieren,NONSHIFTER,GOLD_STANDARD
assoziieren,NONSHIFTER,GOLD_STANDARD
ästen,NONSHIFTER,GOLD_STANDARD
atrophieren,SHIFTER,BOOTSTRAPPED
aufbauschen,NONSHIFTER,GOLD_STANDARD
aufbieten,NONSHIFTER,GOLD_STANDARD
aufbrauchen,SHIFTER,BOOTSTRAPPED
aufbrechen,NONSHIFTER,GOLD_STANDARD
aufbrezeln,NONSHIFTER,GOLD_STANDARD
aufdrängen,NONSHIFTER,GOLD_STANDARD
aufeinanderfolgen,NONSHIFTER,GOLD_STANDARD
aufeinandertreffen,NONSHIFTER,GOLD_STANDARD
aufessen,NONSHIFTER,BOOTSTRAPPED
auffangen,SHIFTER,GOLD_STANDARD
auffordern,NONSHIFTER,GOLD_STANDARD
auffressen,SHIFTER,GOLD_STANDARD
aufgabeln,NONSHIFTER,GOLD_STANDARD
aufgeben,SHIFTER,BOOTSTRAPPED
aufgreifen,NONSHIFTER,GOLD_STANDARD
aufhaben,NONSHIFTER,GOLD_STANDARD
aufhalten,SHIFTER,BOOTSTRAPPED
aufheben,SHIFTER,BOOTSTRAPPED
aufhören,SHIFTER,BOOTSTRAPPED
aufkeimen,NONSHIFTER,GOLD_STANDARD
aufklaren,NONSHIFTER,GOLD_STANDARD
aufkündigen,SHIFTER,BOOTSTRAPPED
aufladen,NONSHIFTER,GOLD_STANDARD
aufleben,NONSHIFTER,GOLD_STANDARD
auflöffeln,NONSHIFTER,GOLD_STANDARD
auflösen,SHIFTER,BOOTSTRAPPED
aufmischen,NONSHIFTER,GOLD_STANDARD
aufnähen,NONSHIFTER,GOLD_STANDARD
äufnen,NONSHIFTER,GOLD_STANDARD
aufnötigen,NONSHIFTER,GOLD_STANDARD
aufopfern,NONSHIFTER,BOOTSTRAPPED
aufplatzen,NONSHIFTER,BOOTSTRAPPED
aufpolstern,NONSHIFTER,GOLD_STANDARD
aufraffen,NONSHIFTER,GOLD_STANDARD
aufräumen,NONSHIFTER,BOOTSTRAPPED
aufreißen,NONSHIFTER,GOLD_STANDARD
aufrühren,NONSHIFTER,GOLD_STANDARD
aufscheinen,NONSHIFTER,GOLD_STANDARD
aufschieben,SHIFTER,BOOTSTRAPPED
aufschmelzen,NONSHIFTER,GOLD_STANDARD
aufschnappen,NONSHIFTER,GOLD_STANDARD
aufschwingen,NONSHIFTER,GOLD_STANDARD
aufsehen,NONSHIFTER,GOLD_STANDARD
aufsetzen,NONSHIFTER,GOLD_STANDARD
aufspannen,NONSHIFTER,GOLD_STANDARD
aufspringen,NONSHIFTER,GOLD_STANDARD
aufstampfen,NONSHIFTER,GOLD_STANDARD
aufstauen,NONSHIFTER,BOOTSTRAPPED
aufstecken,SHIFTER,BOOTSTRAPPED
aufstreben,NONSHIFTER,GOLD_STANDARD
aufsummen,NONSHIFTER,GOLD_STANDARD
auftafeln,NONSHIFTER,GOLD_STANDARD
auftischen,NONSHIFTER,GOLD_STANDARD
auftrennen,NONSHIFTER,GOLD_STANDARD
aufweichen,NONSHIFTER,BOOTSTRAPPED
aufwiegeln,NONSHIFTER,GOLD_STANDARD
aufwiegen,NONSHIFTER,GOLD_STANDARD
aufwirbeln,NONSHIFTER,GOLD_STANDARD
aufzählen,NONSHIFTER,GOLD_STANDARD
aufzehren,NONSHIFTER,GOLD_STANDARD
äugen,NONSHIFTER,GOLD_STANDARD
augendienern,NONSHIFTER,GOLD_STANDARD
ausagieren,NONSHIFTER,BOOTSTRAPPED
ausarbeiten,NONSHIFTER,GOLD_STANDARD
ausarten,NONSHIFTER,BOOTSTRAPPED
ausätschen,NONSHIFTER,GOLD_STANDARD
ausbalancieren,NONSHIFTER,GOLD_STANDARD
ausbedingen,NONSHIFTER,GOLD_STANDARD
ausbetonieren,NONSHIFTER,GOLD_STANDARD
ausbitten,NONSHIFTER,GOLD_STANDARD
ausbleiben,SHIFTER,BOOTSTRAPPED
ausblenden,SHIFTER,GOLD_STANDARD
ausbluten,NONSHIFTER,GOLD_STANDARD
ausborgen,NONSHIFTER,GOLD_STANDARD
ausbringen,NONSHIFTER,GOLD_STANDARD
ausbrüten,NONSHIFTER,GOLD_STANDARD
ausbuchstabieren,NONSHIFTER,GOLD_STANDARD
ausbügeln,SHIFTER,BOOTSTRAPPED
ausbürgern,SHIFTER,BOOTSTRAPPED
ausdehnen,NONSHIFTER,GOLD_STANDARD
ausdrücken,NONSHIFTER,GOLD_STANDARD
ausdünnen,SHIFTER,BOOTSTRAPPED
auseinanderbrechen,SHIFTER,BOOTSTRAPPED
auseinandergehen,SHIFTER,BOOTSTRAPPED
auseinanderleben,NONSHIFTER,GOLD_STANDARD
auseinanderreißen,NONSHIFTER,GOLD_STANDARD
auseinandersetzen,SHIFTER,BOOTSTRAPPED
auseinanderstreben,NONSHIFTER,GOLD_STANDARD
ausfahren,SHIFTER,BOOTSTRAPPED
ausfallen,SHIFTER,BOOTSTRAPPED
ausfällen,NONSHIFTER,GOLD_STANDARD
ausfertigen,NONSHIFTER,GOLD_STANDARD
ausfugen,NONSHIFTER,GOLD_STANDARD
ausgehen,SHIFTER,BOOTSTRAPPED
ausgrenzen,SHIFTER,BOOTSTRAPPED
ausgründen,NONSHIFTER,GOLD_STANDARD
aushändigen,NONSHIFTER,GOLD_STANDARD
aushängen,NONSHIFTER,GOLD_STANDARD
ausheben,NONSHIFTER,GOLD_STANDARD
aushelfen,NONSHIFTER,GOLD_STANDARD
ausheulen,NONSHIFTER,GOLD_STANDARD
auskeimen,NONSHIFTER,GOLD_STANDARD
ausklagen,NONSHIFTER,GOLD_STANDARD
ausklammern,SHIFTER,GOLD_STANDARD
ausklingen,NONSHIFTER,BOOTSTRAPPED
ausknobeln,NONSHIFTER,GOLD_STANDARD
auskosten,NONSHIFTER,GOLD_STANDARD
auskugeln,NONSHIFTER,GOLD_STANDARD
auskühlen,NONSHIFTER,GOLD_STANDARD
auskultieren,NONSHIFTER,GOLD_STANDARD
auskundschaften,NONSHIFTER,GOLD_STANDARD
ausladen,SHIFTER,BOOTSTRAPPED
auslassen,SHIFTER,BOOTSTRAPPED
auslatschen,NONSHIFTER,GOLD_STANDARD
auslaufen,SHIFTER,BOOTSTRAPPED
ausleben,NONSHIFTER,GOLD_STANDARD
ausleiern,NONSHIFTER,GOLD_STANDARD
ausleihen,NONSHIFTER,GOLD_STANDARD
ausliegen,NONSHIFTER,GOLD_STANDARD
auslöschen,SHIFTER,BOOTSTRAPPED
ausloten,NONSHIFTER,GOLD_STANDARD
ausmerzen,SHIFTER,GOLD_STANDARD
ausmustern,SHIFTER,BOOTSTRAPPED
ausnehmen,SHIFTER,GOLD_STANDARD
auspfeifen,NONSHIFTER,GOLD_STANDARD
ausprägen,NONSHIFTER,GOLD_STANDARD
auspressen,NONSHIFTER,GOLD_STANDARD
ausradieren,SHIFTER,BOOTSTRAPPED
ausrasten,NONSHIFTER,GOLD_STANDARD
ausrauben,SHIFTER,BOOTSTRAPPED
ausräumen,SHIFTER,BOOTSTRAPPED
ausreden,SHIFTER,GOLD_STANDARD
ausreißen,NONSHIFTER,GOLD_STANDARD
ausreisen,NONSHIFTER,GOLD_STANDARD
ausreizen,SHIFTER,BOOTSTRAPPED
ausrichten,NONSHIFTER,GOLD_STANDARD
ausrotten,SHIFTER,GOLD_STANDARD
ausrüsten,NONSHIFTER,GOLD_STANDARD
ausschalten,SHIFTER,BOOTSTRAPPED
ausscheiden,SHIFTER,GOLD_STANDARD
ausschlafen,NONSHIFTER,GOLD_STANDARD
ausschlagen,SHIFTER,GOLD_STANDARD
ausschließen,SHIFTER,BOOTSTRAPPED
ausschlüpfen,NONSHIFTER,GOLD_STANDARD
ausschöpfen,SHIFTER,BOOTSTRAPPED
ausschweifen,NONSHIFTER,GOLD_STANDARD
ausschwitzen,NONSHIFTER,GOLD_STANDARD
äußern,NONSHIFTER,GOLD_STANDARD
aussetzen,SHIFTER,GOLD_STANDARD
aussiedeln,SHIFTER,BOOTSTRAPPED
aussondern,SHIFTER,BOOTSTRAPPED
aussortieren,SHIFTER,GOLD_STANDARD
aussparen,SHIFTER,GOLD_STANDARD
aussperren,SHIFTER,BOOTSTRAPPED
ausspielen,SHIFTER,GOLD_STANDARD
ausspionieren,NONSHIFTER,GOLD_STANDARD
aussprengen,NONSHIFTER,BOOTSTRAPPED
ausspringen,NONSHIFTER,GOLD_STANDARD
ausstaffieren,NONSHIFTER,GOLD_STANDARD
ausstatten,NONSHIFTER,GOLD_STANDARD
aussteigen,SHIFTER,BOOTSTRAPPED
aussterben,SHIFTER,BOOTSTRAPPED
ausstoßen,SHIFTER,BOOTSTRAPPED
ausströmen,NONSHIFTER,GOLD_STANDARD
austauschen,NONSHIFTER,GOLD_STANDARD
austoben,NONSHIFTER,GOLD_STANDARD
austreiben,SHIFTER,BOOTSTRAPPED
austreten,SHIFTER,BOOTSTRAPPED
austrocknen,SHIFTER,BOOTSTRAPPED
austüfteln,NONSHIFTER,GOLD_STANDARD
auswechseln,NONSHIFTER,BOOTSTRAPPED
ausweichen,SHIFTER,BOOTSTRAPPED
ausweißen,NONSHIFTER,GOLD_STANDARD
auswerfen,NONSHIFTER,GOLD_STANDARD
auswringen,NONSHIFTER,GOLD_STANDARD
auswuchten,NONSHIFTER,GOLD_STANDARD
authentisieren,NONSHIFTER,GOLD_STANDARD
automatisieren,NONSHIFTER,GOLD_STANDARD
avancieren,NONSHIFTER,GOLD_STANDARD
azetylieren,NONSHIFTER,GOLD_STANDARD
babbeln,NONSHIFTER,GOLD_STANDARD
babysitten,NONSHIFTER,GOLD_STANDARD
bahnen,NONSHIFTER,GOLD_STANDARD
bändigen,SHIFTER,BOOTSTRAPPED
bankettieren,NONSHIFTER,GOLD_STANDARD
bannen,SHIFTER,BOOTSTRAPPED
barockisieren,NONSHIFTER,GOLD_STANDARD
barrikadieren,SHIFTER,BOOTSTRAPPED
basteln,NONSHIFTER,GOLD_STANDARD
bauen,NONSHIFTER,GOLD_STANDARD
bäumen,NONSHIFTER,GOLD_STANDARD
beanspruchen,NONSHIFTER,GOLD_STANDARD
beanstanden,NONSHIFTER,GOLD_STANDARD
bearbeiten,NONSHIFTER,GOLD_STANDARD
beaufsichtigen,NONSHIFTER,GOLD_STANDARD
bebauen,NONSHIFTER,GOLD_STANDARD
bebrillen,NONSHIFTER,GOLD_STANDARD
bedanken,NONSHIFTER,GOLD_STANDARD
bedecken,NONSHIFTER,GOLD_STANDARD
bedenken,NONSHIFTER,GOLD_STANDARD
bedeuten,NONSHIFTER,GOLD_STANDARD
bedichten,NONSHIFTER,GOLD_STANDARD
bedienen,NONSHIFTER,GOLD_STANDARD
bedrohen,SHIFTER,BOOTSTRAPPED
beeinträchtigen,SHIFTER,BOOTSTRAPPED
beenden,SHIFTER,BOOTSTRAPPED
beendigen,SHIFTER,BOOTSTRAPPED
beerben,NONSHIFTER,GOLD_STANDARD
beerdigen,SHIFTER,BOOTSTRAPPED
beflecken,NONSHIFTER,GOLD_STANDARD
befliegen,NONSHIFTER,GOLD_STANDARD
beförstern,NONSHIFTER,GOLD_STANDARD
befreien,SHIFTER,GOLD_STANDARD
befriedigen,NONSHIFTER,GOLD_STANDARD
befristen,NONSHIFTER,BOOTSTRAPPED
begaffen,NONSHIFTER,GOLD_STANDARD
begasen,NONSHIFTER,GOLD_STANDARD
begatten,NONSHIFTER,GOLD_STANDARD
begegnen,NONSHIFTER,BOOTSTRAPPED
begehren,NONSHIFTER,GOLD_STANDARD
begeistern,NONSHIFTER,GOLD_STANDARD
beglückwünschen,NONSHIFTER,GOLD_STANDARD
begnadigen,NONSHIFTER,GOLD_STANDARD
begraben,SHIFTER,BOOTSTRAPPED
begreifen,NONSHIFTER,GOLD_STANDARD
behalten,NONSHIFTER,BOOTSTRAPPED
behandschuhen,NONSHIFTER,GOLD_STANDARD
behauen,NONSHIFTER,GOLD_STANDARD
beheben,SHIFTER,GOLD_STANDARD
beheimaten,NONSHIFTER,GOLD_STANDARD
behelligen,NONSHIFTER,GOLD_STANDARD
beherzigen,NONSHIFTER,GOLD_STANDARD
behindern,SHIFTER,GOLD_STANDARD
behumsen,NONSHIFTER,GOLD_STANDARD
beifügen,NONSHIFTER,GOLD_STANDARD
beigeben,NONSHIFTER,GOLD_STANDARD
beikommen,SHIFTER,BOOTSTRAPPED
beipflichten,NONSHIFTER,GOLD_STANDARD
beisetzen,NONSHIFTER,GOLD_STANDARD
beiwohnen,NONSHIFTER,GOLD_STANDARD
beizen,NONSHIFTER,GOLD_STANDARD
bekämpfen,SHIFTER,BOOTSTRAPPED
bekennen,NONSHIFTER,GOLD_STANDARD
beklatschen,NONSHIFTER,GOLD_STANDARD
beklauen,SHIFTER,GOLD_STANDARD
bekleckern,NONSHIFTER,GOLD_STANDARD
bekleiden,NONSHIFTER,GOLD_STANDARD
beknien,NONSHIFTER,GOLD_STANDARD
bekommen,NONSHIFTER,GOLD_STANDARD
beköstigen,NONSHIFTER,GOLD_STANDARD
bekriegen,NONSHIFTER,GOLD_STANDARD
belachen,NONSHIFTER,GOLD_STANDARD
belauschen,NONSHIFTER,GOLD_STANDARD
beleben,NONSHIFTER,GOLD_STANDARD
belecken,NONSHIFTER,GOLD_STANDARD
belegen,NONSHIFTER,GOLD_STANDARD
beleidigen,NONSHIFTER,BOOTSTRAPPED
belobigen,NONSHIFTER,GOLD_STANDARD
belohnen,NONSHIFTER,GOLD_STANDARD
bemäkeln,NONSHIFTER,GOLD_STANDARD
bemannen,NONSHIFTER,GOLD_STANDARD
benehmen,NONSHIFTER,GOLD_STANDARD
beneiden,NONSHIFTER,GOLD_STANDARD
benzen,NONSHIFTER,GOLD_STANDARD
bepflastern,NONSHIFTER,GOLD_STANDARD
beproben,NONSHIFTER,GOLD_STANDARD
berappen,NONSHIFTER,GOLD_STANDARD
beraten,NONSHIFTER,GOLD_STANDARD
berauben,SHIFTER,BOOTSTRAPPED
beregnen,NONSHIFTER,GOLD_STANDARD
bereitlegen,NONSHIFTER,GOLD_STANDARD
berichten,NONSHIFTER,GOLD_STANDARD
berichtigen,SHIFTER,BOOTSTRAPPED
beringen,NONSHIFTER,GOLD_STANDARD
bersten,NONSHIFTER,BOOTSTRAPPED
berücksichtigen,NONSHIFTER,GOLD_STANDARD
besaiten,NONSHIFTER,GOLD_STANDARD
beschädigen,SHIFTER,BOOTSTRAPPED
beschallen,NONSHIFTER,GOLD_STANDARD
beschauen,NONSHIFTER,GOLD_STANDARD
beschleunigen,NONSHIFTER,GOLD_STANDARD
beschließen,NONSHIFTER,BOOTSTRAPPED
beschneiden,SHIFTER,BOOTSTRAPPED
beschränken,NONSHIFTER,BOOTSTRAPPED
beschreiten,NONSHIFTER,GOLD_STANDARD
beschweigen,NONSHIFTER,BOOTSTRAPPED
beschwichtigen,NONSHIFTER,GOLD_STANDARD
beschwindeln,NONSHIFTER,GOLD_STANDARD
beschwipsen,NONSHIFTER,GOLD_STANDARD
beseelen,NONSHIFTER,GOLD_STANDARD
besehen,NONSHIFTER,GOLD_STANDARD
beseitigen,SHIFTER,BOOTSTRAPPED
besichtigen,NONSHIFTER,GOLD_STANDARD
besiegen,SHIFTER,BOOTSTRAPPED
besingen,NONSHIFTER,GOLD_STANDARD
besinnen,NONSHIFTER,GOLD_STANDARD
besolden,NONSHIFTER,GOLD_STANDARD
bespitzeln,NONSHIFTER,GOLD_STANDARD
bessern,SHIFTER,BOOTSTRAPPED
bestärken,NONSHIFTER,GOLD_STANDARD
bestehenbleiben,NONSHIFTER,GOLD_STANDARD
bestehlen,SHIFTER,BOOTSTRAPPED
besteigen,NONSHIFTER,GOLD_STANDARD
bestreichen,NONSHIFTER,GOLD_STANDARD
bestreiken,NONSHIFTER,GOLD_STANDARD
bestreuen,NONSHIFTER,GOLD_STANDARD
bestücken,NONSHIFTER,GOLD_STANDARD
besudeln,NONSHIFTER,GOLD_STANDARD
betanken,NONSHIFTER,GOLD_STANDARD
betätigen,NONSHIFTER,GOLD_STANDARD
betonieren,NONSHIFTER,GOLD_STANDARD
betrauen,NONSHIFTER,GOLD_STANDARD
betreten,NONSHIFTER,GOLD_STANDARD
betrinken,NONSHIFTER,GOLD_STANDARD
betrüben,NONSHIFTER,GOLD_STANDARD
betütern,NONSHIFTER,GOLD_STANDARD
beurkunden,NONSHIFTER,GOLD_STANDARD
beurlauben,NONSHIFTER,BOOTSTRAPPED
bevormunden,NONSHIFTER,GOLD_STANDARD
bevorrechtigen,NONSHIFTER,GOLD_STANDARD
bevorstehen,NONSHIFTER,GOLD_STANDARD
bevorteilen,NONSHIFTER,GOLD_STANDARD
bewachen,NONSHIFTER,GOLD_STANDARD
bewahren,SHIFTER,GOLD_STANDARD
bewältigen,NONSHIFTER,GOLD_STANDARD
beweiden,NONSHIFTER,GOLD_STANDARD
bewilligen,NONSHIFTER,GOLD_STANDARD
bewölken,NONSHIFTER,GOLD_STANDARD
bezähmen,SHIFTER,BOOTSTRAPPED
bezwecken,NONSHIFTER,GOLD_STANDARD
bezwingen,SHIFTER,GOLD_STANDARD
biesen,NONSHIFTER,GOLD_STANDARD
blanchieren,NONSHIFTER,GOLD_STANDARD
blasphemieren,NONSHIFTER,GOLD_STANDARD
blecken,NONSHIFTER,GOLD_STANDARD
bleibenlassen,SHIFTER,GOLD_STANDARD
blessieren,SHIFTER,GOLD_STANDARD
blinken,NONSHIFTER,GOLD_STANDARD
blocken,SHIFTER,GOLD_STANDARD
blockieren,SHIFTER,GOLD_STANDARD
blöken,NONSHIFTER,GOLD_STANDARD
bloßlegen,SHIFTER,BOOTSTRAPPED
bocken,NONSHIFTER,GOLD_STANDARD
bohnern,NONSHIFTER,GOLD_STANDARD
bomben,NONSHIFTER,GOLD_STANDARD
bosseln,NONSHIFTER,GOLD_STANDARD
boßeln,NONSHIFTER,GOLD_STANDARD
böttchern,NONSHIFTER,GOLD_STANDARD
bowlen,NONSHIFTER,GOLD_STANDARD
boxen,NONSHIFTER,GOLD_STANDARD
boykottieren,SHIFTER,BOOTSTRAPPED
brauchen,NONSHIFTER,GOLD_STANDARD
bräunen,NONSHIFTER,GOLD_STANDARD
brechen,SHIFTER,BOOTSTRAPPED
breiten,NONSHIFTER,GOLD_STANDARD
bremsen,SHIFTER,BOOTSTRAPPED
brikettieren,NONSHIFTER,GOLD_STANDARD
bringen,NONSHIFTER,GOLD_STANDARD
bröseln,NONSHIFTER,BOOTSTRAPPED
brüskieren,NONSHIFTER,BOOTSTRAPPED
buddeln,NONSHIFTER,GOLD_STANDARD
budgetieren,NONSHIFTER,GOLD_STANDARD
bunkern,NONSHIFTER,GOLD_STANDARD
büßen,NONSHIFTER,GOLD_STANDARD
camouflieren,NONSHIFTER,GOLD_STANDARD
canceln,SHIFTER,GOLD_STANDARD
catchen,NONSHIFTER,GOLD_STANDARD
cellophanieren,NONSHIFTER,GOLD_STANDARD
charakterisieren,NONSHIFTER,GOLD_STANDARD
chatten,NONSHIFTER,GOLD_STANDARD
checken,NONSHIFTER,GOLD_STANDARD
chiffonnieren,NONSHIFTER,GOLD_STANDARD
chromatisieren,NONSHIFTER,GOLD_STANDARD
coachen,NONSHIFTER,GOLD_STANDARD
computen,NONSHIFTER,GOLD_STANDARD
cruisen,NONSHIFTER,GOLD_STANDARD
dabeihaben,NONSHIFTER,GOLD_STANDARD
dabeisein,NONSHIFTER,GOLD_STANDARD
dabeistehen,NONSHIFTER,GOLD_STANDARD
dahinsiechen,SHIFTER,GOLD_STANDARD
dahinterstehen,NONSHIFTER,GOLD_STANDARD
dämmen,SHIFTER,GOLD_STANDARD
dämpfen,SHIFTER,BOOTSTRAPPED
danebengehen,SHIFTER,BOOTSTRAPPED
danisieren,NONSHIFTER,GOLD_STANDARD
danksagen,NONSHIFTER,GOLD_STANDARD
darangehen,NONSHIFTER,GOLD_STANDARD
daranmachen,NONSHIFTER,GOLD_STANDARD
daransetzen,NONSHIFTER,GOLD_STANDARD
darbringen,NONSHIFTER,GOLD_STANDARD
darniederliegen,NONSHIFTER,GOLD_STANDARD
darstellen,NONSHIFTER,GOLD_STANDARD
dasein,NONSHIFTER,GOLD_STANDARD
dasitzen,NONSHIFTER,GOLD_STANDARD
davongehen,SHIFTER,BOOTSTRAPPED
davonkommen,NONSHIFTER,GOLD_STANDARD
davonscheuchen,SHIFTER,GOLD_STANDARD
davontreiben,SHIFTER,GOLD_STANDARD
dazurechnen,NONSHIFTER,GOLD_STANDARD
dazuschreiben,NONSHIFTER,GOLD_STANDARD
dazustellen,NONSHIFTER,GOLD_STANDARD
dazustoßen,NONSHIFTER,GOLD_STANDARD
dazuzählen,NONSHIFTER,GOLD_STANDARD
deeskalieren,SHIFTER,BOOTSTRAPPED
defilieren,NONSHIFTER,GOLD_STANDARD
degenerieren,NONSHIFTER,GOLD_STANDARD
degradieren,NONSHIFTER,GOLD_STANDARD
dehydratisieren,NONSHIFTER,GOLD_STANDARD
dekapitieren,NONSHIFTER,GOLD_STANDARD
dekuvrieren,NONSHIFTER,BOOTSTRAPPED
delegieren,NONSHIFTER,GOLD_STANDARD
dementieren,NONSHIFTER,GOLD_STANDARD
demolieren,SHIFTER,GOLD_STANDARD
demoralisieren,NONSHIFTER,GOLD_STANDARD
demotivieren,NONSHIFTER,GOLD_STANDARD
demütigen,NONSHIFTER,GOLD_STANDARD
denaturalisieren,NONSHIFTER,GOLD_STANDARD
denunzieren,NONSHIFTER,GOLD_STANDARD
deodorieren,NONSHIFTER,GOLD_STANDARD
deportieren,SHIFTER,BOOTSTRAPPED
desarmieren,NONSHIFTER,GOLD_STANDARD
desillusionieren,NONSHIFTER,GOLD_STANDARD
destabilisieren,SHIFTER,BOOTSTRAPPED
destruieren,SHIFTER,BOOTSTRAPPED
deutschtümeln,NONSHIFTER,GOLD_STANDARD
devastieren,SHIFTER,BOOTSTRAPPED
devitalisieren,SHIFTER,GOLD_STANDARD
devorieren,NONSHIFTER,GOLD_STANDARD
dezimalisieren,NONSHIFTER,GOLD_STANDARD
dezimieren,SHIFTER,BOOTSTRAPPED
diabolisieren,NONSHIFTER,GOLD_STANDARD
dialysieren,NONSHIFTER,GOLD_STANDARD
dichtmachen,NONSHIFTER,BOOTSTRAPPED
differieren,NONSHIFTER,GOLD_STANDARD
diffundieren,NONSHIFTER,GOLD_STANDARD
diskontieren,SHIFTER,BOOTSTRAPPED
diskriminieren,NONSHIFTER,BOOTSTRAPPED
disqualifizieren,SHIFTER,BOOTSTRAPPED
divergieren,SHIFTER,GOLD_STANDARD
docken,NONSHIFTER,GOLD_STANDARD
dolmetschen,NONSHIFTER,GOLD_STANDARD
domestizieren,NONSHIFTER,BOOTSTRAPPED
dörren,NONSHIFTER,GOLD_STANDARD
doublen,NONSHIFTER,GOLD_STANDARD
draufgehen,SHIFTER,GOLD_STANDARD
dreschen,NONSHIFTER,GOLD_STANDARD
dritteln,NONSHIFTER,GOLD_STANDARD
driven,NONSHIFTER,GOLD_STANDARD
drohen,NONSHIFTER,GOLD_STANDARD
dröhnen,NONSHIFTER,GOLD_STANDARD
drosseln,SHIFTER,GOLD_STANDARD
drücken,SHIFTER,GOLD_STANDARD
dudeln,NONSHIFTER,GOLD_STANDARD
duften,NONSHIFTER,GOLD_STANDARD
düngen,NONSHIFTER,GOLD_STANDARD
dunkeln,NONSHIFTER,GOLD_STANDARD
dünken,NONSHIFTER,GOLD_STANDARD
dünsten,NONSHIFTER,GOLD_STANDARD
duplizieren,NONSHIFTER,GOLD_STANDARD
durchbiegen,NONSHIFTER,GOLD_STANDARD
durchbrechen,SHIFTER,BOOTSTRAPPED
durchbrennen,SHIFTER,BOOTSTRAPPED
durchbringen,NONSHIFTER,GOLD_STANDARD
durcheinandergeraten,NONSHIFTER,GOLD_STANDARD
durchfluten,NONSHIFTER,GOLD_STANDARD
durchführen,NONSHIFTER,GOLD_STANDARD
durchgreifen,NONSHIFTER,GOLD_STANDARD
durchhalten,NONSHIFTER,GOLD_STANDARD
durchhauen,SHIFTER,BOOTSTRAPPED
durchkreuzen,SHIFTER,BOOTSTRAPPED
durchkucken,NONSHIFTER,GOLD_STANDARD
durchlöchern,NONSHIFTER,GOLD_STANDARD
durchprügeln,NONSHIFTER,GOLD_STANDARD
durchqueren,NONSHIFTER,GOLD_STANDARD
durchrutschen,NONSHIFTER,GOLD_STANDARD
durchschlagen,NONSHIFTER,GOLD_STANDARD
durchstreichen,NONSHIFTER,GOLD_STANDARD
durchtrennen,NONSHIFTER,BOOTSTRAPPED
dürfen,NONSHIFTER,GOLD_STANDARD
dursten,NONSHIFTER,GOLD_STANDARD
duschen,NONSHIFTER,GOLD_STANDARD
dustern,NONSHIFTER,GOLD_STANDARD
düstern,NONSHIFTER,GOLD_STANDARD
ebben,SHIFTER,BOOTSTRAPPED
eggen,NONSHIFTER,GOLD_STANDARD
eichen,NONSHIFTER,GOLD_STANDARD
einbalsamieren,NONSHIFTER,GOLD_STANDARD
einberufen,NONSHIFTER,GOLD_STANDARD
einbimsen,NONSHIFTER,GOLD_STANDARD
einbrechen,NONSHIFTER,GOLD_STANDARD
einbringen,NONSHIFTER,GOLD_STANDARD
eindämmen,SHIFTER,BOOTSTRAPPED
eindampfen,NONSHIFTER,BOOTSTRAPPED
eindosen,NONSHIFTER,GOLD_STANDARD
eindrehen,NONSHIFTER,GOLD_STANDARD
einen,NONSHIFTER,GOLD_STANDARD
einengen,SHIFTER,BOOTSTRAPPED
einfädeln,NONSHIFTER,GOLD_STANDARD
einfordern,NONSHIFTER,GOLD_STANDARD
eingeben,NONSHIFTER,GOLD_STANDARD
eingliedern,NONSHIFTER,GOLD_STANDARD
eingravieren,NONSHIFTER,GOLD_STANDARD
eingreifen,NONSHIFTER,GOLD_STANDARD
einhaken,NONSHIFTER,GOLD_STANDARD
einhauen,NONSHIFTER,GOLD_STANDARD
einigeln,NONSHIFTER,GOLD_STANDARD
einigen,NONSHIFTER,GOLD_STANDARD
einklagen,NONSHIFTER,GOLD_STANDARD
einkleben,NONSHIFTER,GOLD_STANDARD
einkommen,NONSHIFTER,GOLD_STANDARD
einkremen,NONSHIFTER,GOLD_STANDARD
einkriegen,NONSHIFTER,GOLD_STANDARD
einleben,NONSHIFTER,GOLD_STANDARD
einliefern,NONSHIFTER,GOLD_STANDARD
einmachen,NONSHIFTER,GOLD_STANDARD
einmessen,NONSHIFTER,GOLD_STANDARD
einnisten,NONSHIFTER,GOLD_STANDARD
einpennen,NONSHIFTER,GOLD_STANDARD
einplanen,NONSHIFTER,GOLD_STANDARD
einratzen,NONSHIFTER,GOLD_STANDARD
einreden,NONSHIFTER,GOLD_STANDARD
einregnen,NONSHIFTER,GOLD_STANDARD
einreiben,NONSHIFTER,GOLD_STANDARD
einreißen,SHIFTER,BOOTSTRAPPED
einreisen,NONSHIFTER,GOLD_STANDARD
einrenken,NONSHIFTER,GOLD_STANDARD
einrollen,NONSHIFTER,GOLD_STANDARD
einrücken,NONSHIFTER,GOLD_STANDARD
einsargen,NONSHIFTER,GOLD_STANDARD
einschäumen,NONSHIFTER,GOLD_STANDARD
einschicken,NONSHIFTER,GOLD_STANDARD
einschlafen,SHIFTER,BOOTSTRAPPED
einschließen,SHIFTER,GOLD_STANDARD
einschlummern,SHIFTER,BOOTSTRAPPED
einschmuggeln,NONSHIFTER,GOLD_STANDARD
einschnüren,NONSHIFTER,GOLD_STANDARD
einsegnen,NONSHIFTER,GOLD_STANDARD
einseifen,NONSHIFTER,GOLD_STANDARD
einsenden,NONSHIFTER,GOLD_STANDARD
einsitzen,NONSHIFTER,GOLD_STANDARD
einsperren,NONSHIFTER,GOLD_STANDARD
einstampfen,SHIFTER,BOOTSTRAPPED
einstauben,NONSHIFTER,GOLD_STANDARD
einstoßen,NONSHIFTER,BOOTSTRAPPED
einstrahlen,NONSHIFTER,GOLD_STANDARD
einströmen,NONSHIFTER,GOLD_STANDARD
einstürzen,SHIFTER,GOLD_STANDARD
eintauschen,NONSHIFTER,GOLD_STANDARD
eintreffen,NONSHIFTER,GOLD_STANDARD
einwenden,NONSHIFTER,GOLD_STANDARD
einwerfen,NONSHIFTER,BOOTSTRAPPED
einwilligen,NONSHIFTER,GOLD_STANDARD
einziehen,NONSHIFTER,GOLD_STANDARD
eisen,NONSHIFTER,GOLD_STANDARD
ekeln,NONSHIFTER,GOLD_STANDARD
elektrisieren,NONSHIFTER,GOLD_STANDARD
eliminieren,SHIFTER,GOLD_STANDARD
eloxieren,NONSHIFTER,GOLD_STANDARD
emeritieren,NONSHIFTER,GOLD_STANDARD
emigrieren,NONSHIFTER,GOLD_STANDARD
empfehlen,NONSHIFTER,GOLD_STANDARD
emporragen,NONSHIFTER,GOLD_STANDARD
emporspringen,NONSHIFTER,GOLD_STANDARD
encodieren,NONSHIFTER,GOLD_STANDARD
enden,SHIFTER,GOLD_STANDARD
endigen,SHIFTER,GOLD_STANDARD
entarten,SHIFTER,BOOTSTRAPPED
entasten,NONSHIFTER,GOLD_STANDARD
entäußern,NONSHIFTER,GOLD_STANDARD
entbehren,SHIFTER,GOLD_STANDARD
entbinden,SHIFTER,GOLD_STANDARD
entblöden,NONSHIFTER,GOLD_STANDARD
entblumen,NONSHIFTER,GOLD_STANDARD
entdämonisieren,NONSHIFTER,GOLD_STANDARD
entdemokratisieren,NONSHIFTER,GOLD_STANDARD
entdramatisieren,NONSHIFTER,BOOTSTRAPPED
enterben,NONSHIFTER,GOLD_STANDARD
entfallen,SHIFTER,BOOTSTRAPPED
entfernen,SHIFTER,BOOTSTRAPPED
entfliehen,SHIFTER,BOOTSTRAPPED
entführen,NONSHIFTER,GOLD_STANDARD
entgasen,NONSHIFTER,GOLD_STANDARD
entgegenlaufen,NONSHIFTER,GOLD_STANDARD
entgegensehen,NONSHIFTER,GOLD_STANDARD
entgegentreten,SHIFTER,GOLD_STANDARD
entgegenwirken,SHIFTER,BOOTSTRAPPED
entgehen,SHIFTER,BOOTSTRAPPED
entgleiten,SHIFTER,BOOTSTRAPPED
entheben,SHIFTER,GOLD_STANDARD
entheiligen,SHIFTER,GOLD_STANDARD
entkeimen,NONSHIFTER,BOOTSTRAPPED
entkleiden,SHIFTER,BOOTSTRAPPED
entknebeln,NONSHIFTER,GOLD_STANDARD
entkommen,SHIFTER,GOLD_STANDARD
entkräften,SHIFTER,BOOTSTRAPPED
entkräftigen,NONSHIFTER,GOLD_STANDARD
entkrampfen,NONSHIFTER,BOOTSTRAPPED
entladen,SHIFTER,BOOTSTRAPPED
entlangbewegen,NONSHIFTER,GOLD_STANDARD
entlangeilen,NONSHIFTER,GOLD_STANDARD
entlangschleichen,NONSHIFTER,GOLD_STANDARD
entlangspazieren,NONSHIFTER,GOLD_STANDARD
entlangstolzieren,NONSHIFTER,GOLD_STANDARD
entlangtaumeln,NONSHIFTER,GOLD_STANDARD
entlangwachsen,NONSHIFTER,GOLD_STANDARD
entlassen,SHIFTER,GOLD_STANDARD
entlasten,SHIFTER,BOOTSTRAPPED
entlauben,NONSHIFTER,GOLD_STANDARD
entlaufen,SHIFTER,BOOTSTRAPPED
entledigen,SHIFTER,BOOTSTRAPPED
entleeren,NONSHIFTER,GOLD_STANDARD
entleiben,NONSHIFTER,GOLD_STANDARD
entlüften,NONSHIFTER,GOLD_STANDARD
entmachten,SHIFTER,BOOTSTRAPPED
entmagnetisieren,NONSHIFTER,GOLD_STANDARD
entmythologisieren,NONSHIFTER,GOLD_STANDARD
entraten,SHIFTER,GOLD_STANDARD
enträtseln,NONSHIFTER,GOLD_STANDARD
entrinnen,SHIFTER,BOOTSTRAPPED
entrücken,NONSHIFTER,GOLD_STANDARD
entrümpeln,NONSHIFTER,BOOTSTRAPPED
entsagen,SHIFTER,BOOTSTRAPPED
entschädigen,SHIFTER,BOOTSTRAPPED
entschärfen,SHIFTER,BOOTSTRAPPED
entschlafen,SHIFTER,GOLD_STANDARD
entschleiern,NONSHIFTER,GOLD_STANDARD
entschleunigen,NONSHIFTER,GOLD_STANDARD
entschlummern,SHIFTER,BOOTSTRAPPED
entschlüpfen,NONSHIFTER,BOOTSTRAPPED
entschuldigen,NONSHIFTER,GOLD_STANDARD
entschwinden,SHIFTER,BOOTSTRAPPED
entsenden,NONSHIFTER,GOLD_STANDARD
entsetzen,NONSHIFTER,GOLD_STANDARD
entsilbern,NONSHIFTER,GOLD_STANDARD
entsinnen,NONSHIFTER,GOLD_STANDARD
entspannen,SHIFTER,BOOTSTRAPPED
entsperren,NONSHIFTER,GOLD_STANDARD
entsprechen,NONSHIFTER,GOLD_STANDARD
entspringen,NONSHIFTER,GOLD_STANDARD
entstabilisieren,SHIFTER,BOOTSTRAPPED
entsteigen,NONSHIFTER,GOLD_STANDARD
entstellen,NONSHIFTER,BOOTSTRAPPED
entstofflichen,SHIFTER,BOOTSTRAPPED
entstören,NONSHIFTER,BOOTSTRAPPED
enttabuisieren,NONSHIFTER,GOLD_STANDARD
entwachsen,SHIFTER,GOLD_STANDARD
entwanzen,NONSHIFTER,GOLD_STANDARD
entweihen,SHIFTER,BOOTSTRAPPED
entwirren,NONSHIFTER,GOLD_STANDARD
entwischen,SHIFTER,BOOTSTRAPPED
entwürdigen,SHIFTER,BOOTSTRAPPED
entwurzeln,NONSHIFTER,GOLD_STANDARD
entziehen,SHIFTER,BOOTSTRAPPED
entzundern,NONSHIFTER,GOLD_STANDARD
entzweibrechen,NONSHIFTER,BOOTSTRAPPED
entzweien,NONSHIFTER,GOLD_STANDARD
erbeuten,NONSHIFTER,GOLD_STANDARD
erbieten,NONSHIFTER,GOLD_STANDARD
erbittern,NONSHIFTER,GOLD_STANDARD
erbleichen,NONSHIFTER,BOOTSTRAPPED
erblinden,NONSHIFTER,GOLD_STANDARD
erden,NONSHIFTER,GOLD_STANDARD
erfordern,NONSHIFTER,GOLD_STANDARD
erfühlen,NONSHIFTER,GOLD_STANDARD
erfüllen,NONSHIFTER,GOLD_STANDARD
ergaunern,NONSHIFTER,GOLD_STANDARD
ergeben,NONSHIFTER,GOLD_STANDARD
ergreifen,NONSHIFTER,GOLD_STANDARD
ergrimmen,NONSHIFTER,GOLD_STANDARD
erhandeln,NONSHIFTER,GOLD_STANDARD
erhängen,NONSHIFTER,GOLD_STANDARD
erhaschen,NONSHIFTER,GOLD_STANDARD
erheischen,NONSHIFTER,GOLD_STANDARD
erhören,NONSHIFTER,GOLD_STANDARD
erkalten,SHIFTER,BOOTSTRAPPED
erkämpfen,NONSHIFTER,GOLD_STANDARD
erklimmen,NONSHIFTER,GOLD_STANDARD
erkundigen,NONSHIFTER,GOLD_STANDARD
erküren,NONSHIFTER,GOLD_STANDARD
erlahmen,SHIFTER,BOOTSTRAPPED
erledigen,NONSHIFTER,GOLD_STANDARD
erleichtern,NONSHIFTER,GOLD_STANDARD
erleuchten,NONSHIFTER,GOLD_STANDARD
erlöschen,SHIFTER,GOLD_STANDARD
ermächtigen,NONSHIFTER,GOLD_STANDARD
ermäßigen,NONSHIFTER,GOLD_STANDARD
ermatten,NONSHIFTER,BOOTSTRAPPED
ernähren,NONSHIFTER,GOLD_STANDARD
erniedrigen,SHIFTER,BOOTSTRAPPED
erodieren,NONSHIFTER,BOOTSTRAPPED
erotisieren,NONSHIFTER,GOLD_STANDARD
erschaffen,NONSHIFTER,GOLD_STANDARD
erschauern,NONSHIFTER,GOLD_STANDARD
erscheinen,NONSHIFTER,GOLD_STANDARD
erschlaffen,SHIFTER,BOOTSTRAPPED
erschlagen,NONSHIFTER,GOLD_STANDARD
erschmeicheln,NONSHIFTER,GOLD_STANDARD
erschmelzen,NONSHIFTER,GOLD_STANDARD
erschöpfen,SHIFTER,GOLD_STANDARD
erschwimmen,NONSHIFTER,GOLD_STANDARD
ersetzen,SHIFTER,BOOTSTRAPPED
ersingen,NONSHIFTER,GOLD_STANDARD
erstatten,NONSHIFTER,GOLD_STANDARD
erstechen,NONSHIFTER,GOLD_STANDARD
ersterben,SHIFTER,BOOTSTRAPPED
ersticken,SHIFTER,GOLD_STANDARD
erstrahlen,NONSHIFTER,GOLD_STANDARD
ersuchen,NONSHIFTER,GOLD_STANDARD
ersurfen,NONSHIFTER,GOLD_STANDARD
ertasten,NONSHIFTER,GOLD_STANDARD
ertragen,NONSHIFTER,BOOTSTRAPPED
erträumen,NONSHIFTER,GOLD_STANDARD
ertrinken,NONSHIFTER,GOLD_STANDARD
ertrotzen,NONSHIFTER,GOLD_STANDARD
erwachsen,NONSHIFTER,GOLD_STANDARD
erwähnen,NONSHIFTER,GOLD_STANDARD
erwecken,NONSHIFTER,GOLD_STANDARD
erwehren,SHIFTER,BOOTSTRAPPED
erweichen,NONSHIFTER,BOOTSTRAPPED
erwidern,NONSHIFTER,GOLD_STANDARD
erwirken,NONSHIFTER,BOOTSTRAPPED
erwirtschaften,NONSHIFTER,GOLD_STANDARD
erzeigen,NONSHIFTER,GOLD_STANDARD
erziehen,NONSHIFTER,GOLD_STANDARD
erzielen,NONSHIFTER,GOLD_STANDARD
erzittern,NONSHIFTER,GOLD_STANDARD
evakuieren,NONSHIFTER,GOLD_STANDARD
evaporieren,SHIFTER,BOOTSTRAPPED
exkludieren,SHIFTER,BOOTSTRAPPED
exkulpieren,SHIFTER,GOLD_STANDARD
expatriieren,SHIFTER,GOLD_STANDARD
experimentieren,NONSHIFTER,GOLD_STANDARD
explodieren,SHIFTER,BOOTSTRAPPED
exponieren,NONSHIFTER,GOLD_STANDARD
exportieren,NONSHIFTER,GOLD_STANDARD
fachsimpeln,NONSHIFTER,GOLD_STANDARD
fackeln,NONSHIFTER,GOLD_STANDARD
fahrenlassen,SHIFTER,GOLD_STANDARD
fallen,SHIFTER,BOOTSTRAPPED
fallenlassen,SHIFTER,BOOTSTRAPPED
falsifizieren,SHIFTER,GOLD_STANDARD
fangen,NONSHIFTER,GOLD_STANDARD
faschisieren,NONSHIFTER,GOLD_STANDARD
fasten,NONSHIFTER,GOLD_STANDARD
faulen,SHIFTER,BOOTSTRAPPED
fechten,NONSHIFTER,BOOTSTRAPPED
fehlen,SHIFTER,BOOTSTRAPPED
fehlschlagen,SHIFTER,BOOTSTRAPPED
feilbieten,NONSHIFTER,GOLD_STANDARD
feilhalten,NONSHIFTER,GOLD_STANDARD
feinmachen,NONSHIFTER,GOLD_STANDARD
feixen,NONSHIFTER,GOLD_STANDARD
fernbleiben,SHIFTER,BOOTSTRAPPED
fernhalten,SHIFTER,BOOTSTRAPPED
fernliegen,SHIFTER,BOOTSTRAPPED
fertigkriegen,NONSHIFTER,GOLD_STANDARD
festbeißen,NONSHIFTER,GOLD_STANDARD
festigen,NONSHIFTER,GOLD_STANDARD
festketten,NONSHIFTER,GOLD_STANDARD
festklammern,NONSHIFTER,GOLD_STANDARD
festkleben,NONSHIFTER,GOLD_STANDARD
festpappen,NONSHIFTER,GOLD_STANDARD
feststehen,NONSHIFTER,GOLD_STANDARD
festziehen,NONSHIFTER,BOOTSTRAPPED
festzurren,NONSHIFTER,GOLD_STANDARD
feuern,SHIFTER,GOLD_STANDARD
filtern,NONSHIFTER,GOLD_STANDARD
filtrieren,NONSHIFTER,GOLD_STANDARD
fingieren,NONSHIFTER,GOLD_STANDARD
firnissen,NONSHIFTER,GOLD_STANDARD
flachfallen,SHIFTER,GOLD_STANDARD
flammen,NONSHIFTER,GOLD_STANDARD
flämmen,NONSHIFTER,GOLD_STANDARD
flanken,NONSHIFTER,GOLD_STANDARD
flankieren,NONSHIFTER,GOLD_STANDARD
fleddern,NONSHIFTER,BOOTSTRAPPED
flehen,NONSHIFTER,GOLD_STANDARD
fliegen,NONSHIFTER,GOLD_STANDARD
fliehen,SHIFTER,GOLD_STANDARD
flippern,NONSHIFTER,GOLD_STANDARD
flirren,NONSHIFTER,GOLD_STANDARD
flößen,NONSHIFTER,GOLD_STANDARD
flöten,NONSHIFTER,GOLD_STANDARD
flüchten,SHIFTER,GOLD_STANDARD
fluoridieren,NONSHIFTER,GOLD_STANDARD
flüstern,NONSHIFTER,GOLD_STANDARD
fluten,NONSHIFTER,GOLD_STANDARD
flutschen,NONSHIFTER,GOLD_STANDARD
fohlen,NONSHIFTER,GOLD_STANDARD
forcieren,NONSHIFTER,GOLD_STANDARD
fördern,NONSHIFTER,GOLD_STANDARD
formen,NONSHIFTER,GOLD_STANDARD
fortbilden,NONSHIFTER,GOLD_STANDARD
fortbringen,SHIFTER,BOOTSTRAPPED
fortentwickeln,NONSHIFTER,GOLD_STANDARD
fortfallen,SHIFTER,BOOTSTRAPPED
fortgehen,SHIFTER,GOLD_STANDARD
fortjagen,SHIFTER,GOLD_STANDARD
fortkommen,SHIFTER,BOOTSTRAPPED
fortleben,NONSHIFTER,GOLD_STANDARD
forträumen,SHIFTER,GOLD_STANDARD
fortschaffen,SHIFTER,BOOTSTRAPPED
fortscheuchen,SHIFTER,BOOTSTRAPPED
fortschicken,SHIFTER,GOLD_STANDARD
fortschreiben,NONSHIFTER,GOLD_STANDARD
fortstreben,NONSHIFTER,GOLD_STANDARD
forttreiben,SHIFTER,BOOTSTRAPPED
fortwirken,NONSHIFTER,GOLD_STANDARD
foulen,NONSHIFTER,GOLD_STANDARD
foxtrotten,NONSHIFTER,GOLD_STANDARD
fraktionieren,NONSHIFTER,GOLD_STANDARD
frakturieren,SHIFTER,BOOTSTRAPPED
frappieren,NONSHIFTER,GOLD_STANDARD
freihalten,NONSHIFTER,GOLD_STANDARD
freikämpfen,NONSHIFTER,GOLD_STANDARD
freimachen,SHIFTER,BOOTSTRAPPED
freisetzen,NONSHIFTER,BOOTSTRAPPED
freisprechen,SHIFTER,BOOTSTRAPPED
freistellen,NONSHIFTER,BOOTSTRAPPED
fremden,NONSHIFTER,GOLD_STANDARD
fressen,SHIFTER,GOLD_STANDARD
frischen,NONSHIFTER,GOLD_STANDARD
fritieren,NONSHIFTER,GOLD_STANDARD
frohlocken,NONSHIFTER,GOLD_STANDARD
frottieren,NONSHIFTER,GOLD_STANDARD
frühpensionieren,NONSHIFTER,GOLD_STANDARD
funzen,NONSHIFTER,GOLD_STANDARD
fürsprechen,NONSHIFTER,GOLD_STANDARD
fusionieren,NONSHIFTER,GOLD_STANDARD
fusseln,NONSHIFTER,GOLD_STANDARD
fußeln,NONSHIFTER,GOLD_STANDARD
fußen,NONSHIFTER,GOLD_STANDARD
füßeln,NONSHIFTER,GOLD_STANDARD
futtern,NONSHIFTER,GOLD_STANDARD
gaffen,NONSHIFTER,GOLD_STANDARD
gären,NONSHIFTER,GOLD_STANDARD
gebieten,NONSHIFTER,GOLD_STANDARD
gebrauchen,NONSHIFTER,GOLD_STANDARD
gebühren,NONSHIFTER,GOLD_STANDARD
gefährden,SHIFTER,GOLD_STANDARD
gegenlesen,NONSHIFTER,GOLD_STANDARD
gegensteuern,NONSHIFTER,BOOTSTRAPPED
gegenüberstellen,NONSHIFTER,GOLD_STANDARD
gegenübertreten,SHIFTER,GOLD_STANDARD
geheimhalten,NONSHIFTER,GOLD_STANDARD
gehorchen,NONSHIFTER,GOLD_STANDARD
geiern,NONSHIFTER,GOLD_STANDARD
geigen,NONSHIFTER,GOLD_STANDARD
geißeln,NONSHIFTER,GOLD_STANDARD
gelieren,NONSHIFTER,GOLD_STANDARD
gelingen,NONSHIFTER,GOLD_STANDARD
genesen,SHIFTER,BOOTSTRAPPED
genügen,NONSHIFTER,GOLD_STANDARD
geometrisieren,NONSHIFTER,GOLD_STANDARD
gereichen,NONSHIFTER,GOLD_STANDARD
gerieren,NONSHIFTER,GOLD_STANDARD
geringschätzen,NONSHIFTER,BOOTSTRAPPED
germanisieren,NONSHIFTER,GOLD_STANDARD
gestehen,NONSHIFTER,GOLD_STANDARD
gesunden,SHIFTER,BOOTSTRAPPED
gewahren,NONSHIFTER,GOLD_STANDARD
gewichten,NONSHIFTER,GOLD_STANDARD
giggeln,NONSHIFTER,GOLD_STANDARD
glauben,NONSHIFTER,GOLD_STANDARD
gleichstehen,NONSHIFTER,GOLD_STANDARD
gleichtun,NONSHIFTER,GOLD_STANDARD
gleiten,NONSHIFTER,GOLD_STANDARD
glossieren,NONSHIFTER,GOLD_STANDARD
glücken,NONSHIFTER,GOLD_STANDARD
gondeln,NONSHIFTER,GOLD_STANDARD
gongen,NONSHIFTER,GOLD_STANDARD
gönnen,NONSHIFTER,GOLD_STANDARD
grabbeln,NONSHIFTER,GOLD_STANDARD
granteln,NONSHIFTER,GOLD_STANDARD
grassieren,NONSHIFTER,GOLD_STANDARD
grauen,NONSHIFTER,GOLD_STANDARD
graulen,NONSHIFTER,GOLD_STANDARD
greinen,NONSHIFTER,GOLD_STANDARD
grienen,NONSHIFTER,GOLD_STANDARD
grillen,NONSHIFTER,GOLD_STANDARD
grimassieren,NONSHIFTER,GOLD_STANDARD
gurken,NONSHIFTER,GOLD_STANDARD
gurten,NONSHIFTER,GOLD_STANDARD
gutmachen,NONSHIFTER,GOLD_STANDARD
guttun,NONSHIFTER,GOLD_STANDARD
habilitieren,NONSHIFTER,GOLD_STANDARD
hälften,NONSHIFTER,GOLD_STANDARD
halluzinieren,NONSHIFTER,GOLD_STANDARD
halten,SHIFTER,BOOTSTRAPPED
handhaben,NONSHIFTER,GOLD_STANDARD
harpunieren,NONSHIFTER,GOLD_STANDARD
hassen,NONSHIFTER,GOLD_STANDARD
hätscheln,NONSHIFTER,GOLD_STANDARD
hauen,NONSHIFTER,GOLD_STANDARD
heben,NONSHIFTER,GOLD_STANDARD
hehlen,NONSHIFTER,GOLD_STANDARD
heilen,SHIFTER,BOOTSTRAPPED
heiligsprechen,NONSHIFTER,GOLD_STANDARD
heimgehen,SHIFTER,BOOTSTRAPPED
heizen,NONSHIFTER,GOLD_STANDARD
helfen,NONSHIFTER,GOLD_STANDARD
helikoptern,NONSHIFTER,GOLD_STANDARD
hellen,NONSHIFTER,GOLD_STANDARD
hemmen,SHIFTER,BOOTSTRAPPED
herabkommen,NONSHIFTER,GOLD_STANDARD
herabsehen,NONSHIFTER,GOLD_STANDARD
herabsetzen,SHIFTER,BOOTSTRAPPED
herabsinken,NONSHIFTER,GOLD_STANDARD
herangehen,NONSHIFTER,GOLD_STANDARD
herankämpfen,NONSHIFTER,GOLD_STANDARD
heranmachen,NONSHIFTER,GOLD_STANDARD
heranreichen,NONSHIFTER,GOLD_STANDARD
heranschieben,NONSHIFTER,GOLD_STANDARD
heranschleichen,NONSHIFTER,GOLD_STANDARD
heranwachsen,NONSHIFTER,GOLD_STANDARD
heraufbeschwören,NONSHIFTER,GOLD_STANDARD
heraufsetzen,NONSHIFTER,GOLD_STANDARD
herausbrechen,SHIFTER,BOOTSTRAPPED
herausfiltern,NONSHIFTER,GOLD_STANDARD
herausführen,NONSHIFTER,GOLD_STANDARD
heraushalten,SHIFTER,GOLD_STANDARD
herausholen,NONSHIFTER,BOOTSTRAPPED
herauslösen,NONSHIFTER,BOOTSTRAPPED
herausputzen,NONSHIFTER,GOLD_STANDARD
herausragen,NONSHIFTER,GOLD_STANDARD
herausreden,NONSHIFTER,GOLD_STANDARD
herausreißen,SHIFTER,BOOTSTRAPPED
herausstellen,NONSHIFTER,BOOTSTRAPPED
herausstreichen,NONSHIFTER,GOLD_STANDARD
herausströmen,NONSHIFTER,GOLD_STANDARD
heraussuchen,NONSHIFTER,GOLD_STANDARD
herauswerfen,NONSHIFTER,GOLD_STANDARD
herbeilocken,NONSHIFTER,GOLD_STANDARD
herbeiwünschen,NONSHIFTER,GOLD_STANDARD
herbeizitieren,NONSHIFTER,GOLD_STANDARD
hergeben,NONSHIFTER,GOLD_STANDARD
hergucken,NONSHIFTER,GOLD_STANDARD
herhalten,NONSHIFTER,GOLD_STANDARD
herniederbrennen,SHIFTER,GOLD_STANDARD
herschauen,NONSHIFTER,GOLD_STANDARD
hersein,NONSHIFTER,GOLD_STANDARD
herüberwerfen,NONSHIFTER,GOLD_STANDARD
herumdrucksen,NONSHIFTER,GOLD_STANDARD
herumfahren,NONSHIFTER,GOLD_STANDARD
herumgammeln,NONSHIFTER,GOLD_STANDARD
herumhacken,NONSHIFTER,GOLD_STANDARD
herumhampeln,NONSHIFTER,GOLD_STANDARD
herumirren,NONSHIFTER,GOLD_STANDARD
herumkaspern,NONSHIFTER,GOLD_STANDARD
herumlaufen,NONSHIFTER,GOLD_STANDARD
herumliegen,NONSHIFTER,GOLD_STANDARD
herumraten,NONSHIFTER,GOLD_STANDARD
herumschlagen,NONSHIFTER,GOLD_STANDARD
herumschleppen,NONSHIFTER,GOLD_STANDARD
herumspuken,NONSHIFTER,GOLD_STANDARD
herumstreiten,NONSHIFTER,GOLD_STANDARD
herumtragen,NONSHIFTER,GOLD_STANDARD
herumtreiben,NONSHIFTER,GOLD_STANDARD
herumwackeln,NONSHIFTER,GOLD_STANDARD
herumzanken,NONSHIFTER,GOLD_STANDARD
herunterfahren,SHIFTER,BOOTSTRAPPED
herunterfallen,SHIFTER,BOOTSTRAPPED
herunterkommen,SHIFTER,BOOTSTRAPPED
herunterlassen,NONSHIFTER,GOLD_STANDARD
herunterprasseln,NONSHIFTER,GOLD_STANDARD
herunterscrollen,NONSHIFTER,GOLD_STANDARD
herunterstufen,NONSHIFTER,GOLD_STANDARD
hervorbrechen,NONSHIFTER,GOLD_STANDARD
hervorgehen,NONSHIFTER,GOLD_STANDARD
hervorspringen,NONSHIFTER,GOLD_STANDARD
hervorstechen,NONSHIFTER,GOLD_STANDARD
hervortun,NONSHIFTER,GOLD_STANDARD
hervorwachsen,NONSHIFTER,GOLD_STANDARD
hervorziehen,NONSHIFTER,GOLD_STANDARD
herzeigen,NONSHIFTER,GOLD_STANDARD
herziehen,NONSHIFTER,GOLD_STANDARD
heucheln,NONSHIFTER,GOLD_STANDARD
hieven,NONSHIFTER,GOLD_STANDARD
hinabsteigen,NONSHIFTER,BOOTSTRAPPED
hinarbeiten,NONSHIFTER,GOLD_STANDARD
hinaufklettern,NONSHIFTER,GOLD_STANDARD
hinaufreichen,NONSHIFTER,GOLD_STANDARD
hinausfliegen,SHIFTER,BOOTSTRAPPED
hinausgehen,NONSHIFTER,BOOTSTRAPPED
hinauskatapultieren,NONSHIFTER,GOLD_STANDARD
hinausschieben,NONSHIFTER,GOLD_STANDARD
hinausschießen,NONSHIFTER,GOLD_STANDARD
hinausschmeißen,SHIFTER,GOLD_STANDARD
hinaustreiben,SHIFTER,BOOTSTRAPPED
hinauswerfen,SHIFTER,BOOTSTRAPPED
hinauszögern,SHIFTER,BOOTSTRAPPED
hinbewegen,NONSHIFTER,GOLD_STANDARD
hinbiegen,NONSHIFTER,GOLD_STANDARD
hinbringen,NONSHIFTER,GOLD_STANDARD
hindern,SHIFTER,BOOTSTRAPPED
hineinbefördern,NONSHIFTER,GOLD_STANDARD
hineinfahren,NONSHIFTER,GOLD_STANDARD
hineinfließen,NONSHIFTER,GOLD_STANDARD
hineinkommen,NONSHIFTER,GOLD_STANDARD
hineinpassen,NONSHIFTER,GOLD_STANDARD
hineinrutschen,NONSHIFTER,GOLD_STANDARD
hineintreiben,NONSHIFTER,GOLD_STANDARD
hineinziehen,NONSHIFTER,GOLD_STANDARD
hinfallen,SHIFTER,BOOTSTRAPPED
hingehen,NONSHIFTER,BOOTSTRAPPED
hingreifen,NONSHIFTER,GOLD_STANDARD
hingucken,NONSHIFTER,GOLD_STANDARD
hinhalten,NONSHIFTER,GOLD_STANDARD
hinschauen,NONSHIFTER,GOLD_STANDARD
hinschreiben,NONSHIFTER,GOLD_STANDARD
hinsetzen,NONSHIFTER,GOLD_STANDARD
hinstellen,NONSHIFTER,GOLD_STANDARD
hintanstellen,NONSHIFTER,GOLD_STANDARD
hintergehen,NONSHIFTER,GOLD_STANDARD
hinterhergucken,NONSHIFTER,GOLD_STANDARD
hinterherwerfen,NONSHIFTER,GOLD_STANDARD
hinterlassen,NONSHIFTER,BOOTSTRAPPED
hintertreiben,SHIFTER,BOOTSTRAPPED
hinterziehen,NONSHIFTER,GOLD_STANDARD
hinüberdämmern,SHIFTER,BOOTSTRAPPED
hinunterstürzen,NONSHIFTER,GOLD_STANDARD
hinunterwürgen,NONSHIFTER,GOLD_STANDARD
hinwegfegen,SHIFTER,GOLD_STANDARD
hinweggehen,SHIFTER,GOLD_STANDARD
hinwegsetzen,SHIFTER,BOOTSTRAPPED
hinwenden,NONSHIFTER,GOLD_STANDARD
hinzeigen,NONSHIFTER,GOLD_STANDARD
hinzubekommen,NONSHIFTER,GOLD_STANDARD
hinzutun,NONSHIFTER,GOLD_STANDARD
hinzuwachsen,NONSHIFTER,GOLD_STANDARD
hinzuzählen,NONSHIFTER,GOLD_STANDARD
hinzuziehen,NONSHIFTER,GOLD_STANDARD
hochheben,NONSHIFTER,GOLD_STANDARD
hochkommen,NONSHIFTER,GOLD_STANDARD
hochpäppeln,NONSHIFTER,GOLD_STANDARD
hochspringen,NONSHIFTER,GOLD_STANDARD
hochsteigen,NONSHIFTER,GOLD_STANDARD
hochstilisieren,NONSHIFTER,GOLD_STANDARD
hochziehen,NONSHIFTER,GOLD_STANDARD
höhen,NONSHIFTER,GOLD_STANDARD
homogenisieren,NONSHIFTER,GOLD_STANDARD
hopfen,NONSHIFTER,GOLD_STANDARD
hoppen,NONSHIFTER,GOLD_STANDARD
horchen,NONSHIFTER,GOLD_STANDARD
hospitalisieren,NONSHIFTER,GOLD_STANDARD
humanisieren,NONSHIFTER,GOLD_STANDARD
humifizieren,NONSHIFTER,BOOTSTRAPPED
humpeln,NONSHIFTER,GOLD_STANDARD
hüten,NONSHIFTER,GOLD_STANDARD
iahen,NONSHIFTER,GOLD_STANDARD
ideologisieren,NONSHIFTER,GOLD_STANDARD
ignorieren,SHIFTER,BOOTSTRAPPED
imitieren,NONSHIFTER,GOLD_STANDARD
impfen,NONSHIFTER,GOLD_STANDARD
implodieren,SHIFTER,BOOTSTRAPPED
inaktivieren,SHIFTER,BOOTSTRAPPED
ineinandergreifen,NONSHIFTER,GOLD_STANDARD
innehaben,NONSHIFTER,GOLD_STANDARD
innehalten,NONSHIFTER,GOLD_STANDARD
installieren,NONSHIFTER,GOLD_STANDARD
instrumentieren,NONSHIFTER,GOLD_STANDARD
insultieren,NONSHIFTER,BOOTSTRAPPED
intensivieren,NONSHIFTER,GOLD_STANDARD
internieren,NONSHIFTER,GOLD_STANDARD
interpretieren,NONSHIFTER,GOLD_STANDARD
ironisieren,NONSHIFTER,GOLD_STANDARD
irren,SHIFTER,BOOTSTRAPPED
jauchen,NONSHIFTER,GOLD_STANDARD
jubeln,NONSHIFTER,GOLD_STANDARD
jucken,NONSHIFTER,GOLD_STANDARD
jungen,NONSHIFTER,GOLD_STANDARD
kabeln,NONSHIFTER,GOLD_STANDARD
kälbern,NONSHIFTER,GOLD_STANDARD
kalfatern,NONSHIFTER,GOLD_STANDARD
kalken,NONSHIFTER,GOLD_STANDARD
kalkulieren,NONSHIFTER,GOLD_STANDARD
kalten,NONSHIFTER,GOLD_STANDARD
kaltstellen,NONSHIFTER,BOOTSTRAPPED
kanalisieren,NONSHIFTER,GOLD_STANDARD
kandidieren,NONSHIFTER,GOLD_STANDARD
kanten,NONSHIFTER,GOLD_STANDARD
kapitulieren,NONSHIFTER,GOLD_STANDARD
kaputtgehen,SHIFTER,BOOTSTRAPPED
kaputtmachen,SHIFTER,GOLD_STANDARD
karbonisieren,NONSHIFTER,GOLD_STANDARD
karieren,NONSHIFTER,GOLD_STANDARD
kassieren,NONSHIFTER,GOLD_STANDARD
kästeln,NONSHIFTER,GOLD_STANDARD
katalysieren,NONSHIFTER,GOLD_STANDARD
katapultieren,NONSHIFTER,GOLD_STANDARD
katzbuckeln,NONSHIFTER,GOLD_STANDARD
kauern,NONSHIFTER,GOLD_STANDARD
kaufen,NONSHIFTER,GOLD_STANDARD
kehren,NONSHIFTER,BOOTSTRAPPED
kehrtmachen,SHIFTER,BOOTSTRAPPED
keilen,NONSHIFTER,GOLD_STANDARD
kellnern,NONSHIFTER,GOLD_STANDARD
kennenlernen,NONSHIFTER,GOLD_STANDARD
kentern,NONSHIFTER,GOLD_STANDARD
kichern,NONSHIFTER,GOLD_STANDARD
kickboxen,NONSHIFTER,GOLD_STANDARD
kickern,NONSHIFTER,GOLD_STANDARD
kicksen,NONSHIFTER,GOLD_STANDARD
kiffen,NONSHIFTER,GOLD_STANDARD
killen,NONSHIFTER,GOLD_STANDARD
kitten,NONSHIFTER,GOLD_STANDARD
kläffen,NONSHIFTER,GOLD_STANDARD
klampfen,NONSHIFTER,GOLD_STANDARD
klappen,NONSHIFTER,GOLD_STANDARD
klarmachen,NONSHIFTER,GOLD_STANDARD
klarstellen,NONSHIFTER,GOLD_STANDARD
klauen,NONSHIFTER,BOOTSTRAPPED
kleben,NONSHIFTER,GOLD_STANDARD
kleistern,NONSHIFTER,GOLD_STANDARD
klemmen,NONSHIFTER,GOLD_STANDARD
klettern,NONSHIFTER,GOLD_STANDARD
klickern,NONSHIFTER,GOLD_STANDARD
klingeln,NONSHIFTER,GOLD_STANDARD
klinkern,NONSHIFTER,GOLD_STANDARD
klirren,NONSHIFTER,GOLD_STANDARD
klöppeln,NONSHIFTER,GOLD_STANDARD
knabbern,NONSHIFTER,GOLD_STANDARD
knacken,NONSHIFTER,GOLD_STANDARD
knacksen,NONSHIFTER,GOLD_STANDARD
knarren,NONSHIFTER,GOLD_STANDARD
kneifen,SHIFTER,GOLD_STANDARD
kneipen,NONSHIFTER,GOLD_STANDARD
knickern,NONSHIFTER,GOLD_STANDARD
knien,NONSHIFTER,GOLD_STANDARD
knüpfen,NONSHIFTER,GOLD_STANDARD
koagulieren,NONSHIFTER,GOLD_STANDARD
koalieren,NONSHIFTER,GOLD_STANDARD
ködern,NONSHIFTER,GOLD_STANDARD
kokeln,NONSHIFTER,GOLD_STANDARD
kollabieren,SHIFTER,GOLD_STANDARD
kollaborieren,NONSHIFTER,GOLD_STANDARD
kommunalisieren,NONSHIFTER,GOLD_STANDARD
kompensieren,SHIFTER,BOOTSTRAPPED
komplizieren,NONSHIFTER,GOLD_STANDARD
komponieren,NONSHIFTER,GOLD_STANDARD
konfiszieren,NONSHIFTER,GOLD_STANDARD
konspirieren,NONSHIFTER,GOLD_STANDARD
konsumieren,NONSHIFTER,GOLD_STANDARD
konterkarieren,SHIFTER,GOLD_STANDARD
kontieren,NONSHIFTER,GOLD_STANDARD
kontrollieren,NONSHIFTER,GOLD_STANDARD
konzertieren,NONSHIFTER,GOLD_STANDARD
konzipieren,NONSHIFTER,GOLD_STANDARD
kooperieren,NONSHIFTER,GOLD_STANDARD
kopfrechnen,NONSHIFTER,GOLD_STANDARD
koppeln,NONSHIFTER,GOLD_STANDARD
körnen,NONSHIFTER,GOLD_STANDARD
korrigieren,SHIFTER,GOLD_STANDARD
korrodieren,NONSHIFTER,GOLD_STANDARD
korrumpieren,SHIFTER,BOOTSTRAPPED
kosten,NONSHIFTER,GOLD_STANDARD
kräftigen,NONSHIFTER,GOLD_STANDARD
krähen,NONSHIFTER,GOLD_STANDARD
kramen,NONSHIFTER,GOLD_STANDARD
kränkeln,NONSHIFTER,GOLD_STANDARD
kränken,SHIFTER,GOLD_STANDARD
kraxeln,NONSHIFTER,GOLD_STANDARD
krebsen,NONSHIFTER,GOLD_STANDARD
kredenzen,NONSHIFTER,GOLD_STANDARD
kreisen,NONSHIFTER,GOLD_STANDARD
kremieren,NONSHIFTER,GOLD_STANDARD
krempeln,NONSHIFTER,GOLD_STANDARD
krepieren,SHIFTER,GOLD_STANDARD
kreuzen,NONSHIFTER,GOLD_STANDARD
krönen,NONSHIFTER,GOLD_STANDARD
krümeln,NONSHIFTER,BOOTSTRAPPED
kullern,NONSHIFTER,GOLD_STANDARD
kündigen,SHIFTER,BOOTSTRAPPED
kundmachen,NONSHIFTER,GOLD_STANDARD
kundtun,NONSHIFTER,GOLD_STANDARD
kurieren,NONSHIFTER,GOLD_STANDARD
kürzen,SHIFTER,BOOTSTRAPPED
labern,NONSHIFTER,GOLD_STANDARD
lädieren,SHIFTER,GOLD_STANDARD
lagern,NONSHIFTER,GOLD_STANDARD
lähmen,SHIFTER,BOOTSTRAPPED
lahmlegen,SHIFTER,BOOTSTRAPPED
lärmen,NONSHIFTER,GOLD_STANDARD
lassen,SHIFTER,BOOTSTRAPPED
laufen,NONSHIFTER,GOLD_STANDARD
läuten,NONSHIFTER,GOLD_STANDARD
lechzen,NONSHIFTER,GOLD_STANDARD
lecken,NONSHIFTER,GOLD_STANDARD
leeren,SHIFTER,BOOTSTRAPPED
leersaufen,NONSHIFTER,GOLD_STANDARD
legalisieren,NONSHIFTER,GOLD_STANDARD
legieren,NONSHIFTER,GOLD_STANDARD
legitimieren,NONSHIFTER,GOLD_STANDARD
lehren,NONSHIFTER,GOLD_STANDARD
leiden,NONSHIFTER,BOOTSTRAPPED
leimen,NONSHIFTER,GOLD_STANDARD
leiten,NONSHIFTER,GOLD_STANDARD
lemmatisieren,NONSHIFTER,GOLD_STANDARD
lenken,NONSHIFTER,GOLD_STANDARD
leuchten,NONSHIFTER,GOLD_STANDARD
leugnen,SHIFTER,BOOTSTRAPPED
lichten,NONSHIFTER,GOLD_STANDARD
liefern,NONSHIFTER,GOLD_STANDARD
liften,NONSHIFTER,GOLD_STANDARD
lindern,SHIFTER,GOLD_STANDARD
linken,NONSHIFTER,GOLD_STANDARD
liquidieren,SHIFTER,BOOTSTRAPPED
lizensieren,NONSHIFTER,GOLD_STANDARD
lizenzieren,NONSHIFTER,GOLD_STANDARD
loben,NONSHIFTER,GOLD_STANDARD
löchern,NONSHIFTER,GOLD_STANDARD
lockermachen,NONSHIFTER,GOLD_STANDARD
lockern,SHIFTER,GOLD_STANDARD
lohnen,NONSHIFTER,GOLD_STANDARD
losbrechen,NONSHIFTER,GOLD_STANDARD
löschen,SHIFTER,BOOTSTRAPPED
losen,NONSHIFTER,GOLD_STANDARD
lösen,SHIFTER,BOOTSTRAPPED
losfliegen,NONSHIFTER,GOLD_STANDARD
losgehen,NONSHIFTER,BOOTSTRAPPED
losketten,NONSHIFTER,GOLD_STANDARD
loskommen,SHIFTER,BOOTSTRAPPED
loslachen,NONSHIFTER,GOLD_STANDARD
loslaufen,NONSHIFTER,BOOTSTRAPPED
loslösen,SHIFTER,GOLD_STANDARD
losmachen,SHIFTER,BOOTSTRAPPED
losreißen,SHIFTER,BOOTSTRAPPED
losrotteln,NONSHIFTER,GOLD_STANDARD
lossagen,SHIFTER,GOLD_STANDARD
losschlagen,SHIFTER,BOOTSTRAPPED
lossprechen,SHIFTER,GOLD_STANDARD
loswerden,SHIFTER,BOOTSTRAPPED
lüften,NONSHIFTER,GOLD_STANDARD
lumineszieren,NONSHIFTER,GOLD_STANDARD
machen,NONSHIFTER,GOLD_STANDARD
mahlen,NONSHIFTER,GOLD_STANDARD
majorisieren,NONSHIFTER,GOLD_STANDARD
malochen,NONSHIFTER,GOLD_STANDARD
malträtieren,NONSHIFTER,GOLD_STANDARD
malzen,NONSHIFTER,GOLD_STANDARD
mälzen,NONSHIFTER,GOLD_STANDARD
mangeln,SHIFTER,BOOTSTRAPPED
manschen,NONSHIFTER,GOLD_STANDARD
masern,NONSHIFTER,GOLD_STANDARD
massakrieren,NONSHIFTER,GOLD_STANDARD
mästen,NONSHIFTER,GOLD_STANDARD
mauscheln,NONSHIFTER,GOLD_STANDARD
meiden,SHIFTER,BOOTSTRAPPED
meliorieren,SHIFTER,BOOTSTRAPPED
mendeln,NONSHIFTER,GOLD_STANDARD
methodisieren,NONSHIFTER,GOLD_STANDARD
meucheln,NONSHIFTER,GOLD_STANDARD
milchen,NONSHIFTER,GOLD_STANDARD
mildern,SHIFTER,GOLD_STANDARD
mindern,SHIFTER,BOOTSTRAPPED
minimalisieren,SHIFTER,BOOTSTRAPPED
minimieren,SHIFTER,BOOTSTRAPPED
missachten,SHIFTER,BOOTSTRAPPED
missdeuten,NONSHIFTER,GOLD_STANDARD
missen,NONSHIFTER,GOLD_STANDARD
missglücken,SHIFTER,GOLD_STANDARD
missionieren,NONSHIFTER,GOLD_STANDARD
misslingen,SHIFTER,BOOTSTRAPPED
mißachten,SHIFTER,BOOTSTRAPPED
mißbrauchen,SHIFTER,GOLD_STANDARD
mißfallen,NONSHIFTER,GOLD_STANDARD
mißglücken,SHIFTER,BOOTSTRAPPED
mißhandeln,NONSHIFTER,BOOTSTRAPPED
mißlingen,SHIFTER,BOOTSTRAPPED
mißraten,NONSHIFTER,GOLD_STANDARD
mitfahren,NONSHIFTER,GOLD_STANDARD
mitgestalten,NONSHIFTER,GOLD_STANDARD
mithaben,NONSHIFTER,GOLD_STANDARD
mithalten,NONSHIFTER,GOLD_STANDARD
mithelfen,NONSHIFTER,GOLD_STANDARD
mithören,NONSHIFTER,GOLD_STANDARD
mitkönnen,NONSHIFTER,GOLD_STANDARD
mitlesen,NONSHIFTER,GOLD_STANDARD
mitmachen,NONSHIFTER,GOLD_STANDARD
mitnehmen,NONSHIFTER,GOLD_STANDARD
mitrechnen,NONSHIFTER,GOLD_STANDARD
mitreißen,NONSHIFTER,GOLD_STANDARD
mitschicken,NONSHIFTER,GOLD_STANDARD
mitschreiben,NONSHIFTER,GOLD_STANDARD
mitsingen,NONSHIFTER,GOLD_STANDARD
mitsprechen,NONSHIFTER,GOLD_STANDARD
mittun,NONSHIFTER,GOLD_STANDARD
mitwirken,NONSHIFTER,GOLD_STANDARD
mitzählen,NONSHIFTER,GOLD_STANDARD
modern,SHIFTER,GOLD_STANDARD
modifizieren,NONSHIFTER,GOLD_STANDARD
mörsern,NONSHIFTER,GOLD_STANDARD
motzen,NONSHIFTER,GOLD_STANDARD
mühen,NONSHIFTER,GOLD_STANDARD
mustern,NONSHIFTER,GOLD_STANDARD
nachäffen,NONSHIFTER,GOLD_STANDARD
nachbessern,NONSHIFTER,GOLD_STANDARD
nachbilden,NONSHIFTER,GOLD_STANDARD
nachdenken,NONSHIFTER,GOLD_STANDARD
nachdrucken,NONSHIFTER,GOLD_STANDARD
nacherzählen,NONSHIFTER,GOLD_STANDARD
nachfolgen,NONSHIFTER,GOLD_STANDARD
nachgeben,SHIFTER,BOOTSTRAPPED
nachladen,NONSHIFTER,GOLD_STANDARD
nachlassen,SHIFTER,BOOTSTRAPPED
nachlesen,NONSHIFTER,GOLD_STANDARD
nachrechnen,NONSHIFTER,GOLD_STANDARD
nachreichen,NONSHIFTER,GOLD_STANDARD
nachrücken,NONSHIFTER,GOLD_STANDARD
nachschauen,NONSHIFTER,GOLD_STANDARD
nachsinnen,NONSHIFTER,GOLD_STANDARD
nachverfolgen,NONSHIFTER,GOLD_STANDARD
nachzahlen,NONSHIFTER,GOLD_STANDARD
nageln,NONSHIFTER,GOLD_STANDARD
nahestehen,NONSHIFTER,GOLD_STANDARD
nähren,NONSHIFTER,GOLD_STANDARD
narren,NONSHIFTER,GOLD_STANDARD
nassmachen,NONSHIFTER,GOLD_STANDARD
nasswerden,NONSHIFTER,GOLD_STANDARD
necken,NONSHIFTER,GOLD_STANDARD
negieren,SHIFTER,BOOTSTRAPPED
nennen,NONSHIFTER,GOLD_STANDARD
neunteln,NONSHIFTER,GOLD_STANDARD
neurotisieren,NONSHIFTER,GOLD_STANDARD
neutralisieren,SHIFTER,BOOTSTRAPPED
niederbrennen,SHIFTER,GOLD_STANDARD
niederhalten,SHIFTER,BOOTSTRAPPED
niederlassen,NONSHIFTER,BOOTSTRAPPED
niedermetzeln,NONSHIFTER,GOLD_STANDARD
niederprasseln,NONSHIFTER,GOLD_STANDARD
niederreißen,SHIFTER,BOOTSTRAPPED
niederringen,NONSHIFTER,GOLD_STANDARD
niederschießen,NONSHIFTER,GOLD_STANDARD
niederschlagen,SHIFTER,BOOTSTRAPPED
niederwerfen,SHIFTER,BOOTSTRAPPED
nivellieren,NONSHIFTER,GOLD_STANDARD
nötigen,NONSHIFTER,GOLD_STANDARD
notlanden,NONSHIFTER,GOLD_STANDARD
nuancieren,NONSHIFTER,GOLD_STANDARD
nuckeln,NONSHIFTER,GOLD_STANDARD
nuscheln,NONSHIFTER,GOLD_STANDARD
nützen,NONSHIFTER,GOLD_STANDARD
objektivieren,NONSHIFTER,GOLD_STANDARD
observieren,NONSHIFTER,GOLD_STANDARD
obstruieren,NONSHIFTER,GOLD_STANDARD
offenbleiben,NONSHIFTER,GOLD_STANDARD
offenlassen,NONSHIFTER,GOLD_STANDARD
onanieren,NONSHIFTER,GOLD_STANDARD
operieren,NONSHIFTER,GOLD_STANDARD
opfern,SHIFTER,BOOTSTRAPPED
optimieren,NONSHIFTER,GOLD_STANDARD
ordern,NONSHIFTER,GOLD_STANDARD
organisieren,NONSHIFTER,GOLD_STANDARD
orientieren,NONSHIFTER,GOLD_STANDARD
oxidieren,NONSHIFTER,GOLD_STANDARD
paaren,NONSHIFTER,GOLD_STANDARD
paddeln,NONSHIFTER,GOLD_STANDARD
paktieren,NONSHIFTER,GOLD_STANDARD
pampern,NONSHIFTER,GOLD_STANDARD
päppeln,NONSHIFTER,GOLD_STANDARD
paralysieren,SHIFTER,GOLD_STANDARD
parfümieren,NONSHIFTER,GOLD_STANDARD
patschen,NONSHIFTER,GOLD_STANDARD
pediküren,NONSHIFTER,GOLD_STANDARD
pekzieren,NONSHIFTER,GOLD_STANDARD
peptisieren,NONSHIFTER,GOLD_STANDARD
perfektionieren,NONSHIFTER,GOLD_STANDARD
performen,NONSHIFTER,GOLD_STANDARD
perlen,NONSHIFTER,GOLD_STANDARD
petzen,NONSHIFTER,GOLD_STANDARD
pfeifen,NONSHIFTER,GOLD_STANDARD
pflegen,NONSHIFTER,GOLD_STANDARD
pfropfen,NONSHIFTER,GOLD_STANDARD
piepen,NONSHIFTER,GOLD_STANDARD
pikieren,NONSHIFTER,GOLD_STANDARD
pilotieren,NONSHIFTER,GOLD_STANDARD
planieren,NONSHIFTER,BOOTSTRAPPED
platinieren,NONSHIFTER,GOLD_STANDARD
platzen,SHIFTER,GOLD_STANDARD
platzieren,NONSHIFTER,GOLD_STANDARD
pleitieren,NONSHIFTER,GOLD_STANDARD
plombieren,NONSHIFTER,GOLD_STANDARD
plündern,NONSHIFTER,GOLD_STANDARD
poetisieren,NONSHIFTER,GOLD_STANDARD
pofen,NONSHIFTER,GOLD_STANDARD
pointieren,NONSHIFTER,GOLD_STANDARD
pökeln,NONSHIFTER,GOLD_STANDARD
polstern,NONSHIFTER,GOLD_STANDARD
poltern,NONSHIFTER,GOLD_STANDARD
portraitieren,NONSHIFTER,GOLD_STANDARD
postieren,NONSHIFTER,GOLD_STANDARD
postulieren,NONSHIFTER,GOLD_STANDARD
poussieren,NONSHIFTER,GOLD_STANDARD
prädikatisieren,NONSHIFTER,GOLD_STANDARD
prägen,NONSHIFTER,GOLD_STANDARD
prahlen,NONSHIFTER,GOLD_STANDARD
praktizieren,NONSHIFTER,GOLD_STANDARD
prämieren,NONSHIFTER,GOLD_STANDARD
prangen,NONSHIFTER,GOLD_STANDARD
prasseln,NONSHIFTER,GOLD_STANDARD
predigen,NONSHIFTER,GOLD_STANDARD
preschen,NONSHIFTER,GOLD_STANDARD
pressieren,NONSHIFTER,GOLD_STANDARD
prickeln,NONSHIFTER,GOLD_STANDARD
priorisieren,NONSHIFTER,GOLD_STANDARD
privilegieren,NONSHIFTER,BOOTSTRAPPED
probesingen,NONSHIFTER,GOLD_STANDARD
probieren,NONSHIFTER,GOLD_STANDARD
problematisieren,NONSHIFTER,GOLD_STANDARD
profanieren,SHIFTER,BOOTSTRAPPED
prolongieren,NONSHIFTER,GOLD_STANDARD
promoten,NONSHIFTER,GOLD_STANDARD
prosperieren,NONSHIFTER,GOLD_STANDARD
protzen,NONSHIFTER,GOLD_STANDARD
psychiatrieren,NONSHIFTER,GOLD_STANDARD
pubertieren,NONSHIFTER,GOLD_STANDARD
puffern,NONSHIFTER,GOLD_STANDARD
pulen,NONSHIFTER,GOLD_STANDARD
pulverisieren,SHIFTER,BOOTSTRAPPED
pupsen,NONSHIFTER,GOLD_STANDARD
quarren,NONSHIFTER,GOLD_STANDARD
querstellen,NONSHIFTER,GOLD_STANDARD
quertreiben,NONSHIFTER,GOLD_STANDARD
quetschen,NONSHIFTER,BOOTSTRAPPED
quieken,NONSHIFTER,GOLD_STANDARD
quorren,NONSHIFTER,GOLD_STANDARD
rabattieren,NONSHIFTER,GOLD_STANDARD
radieren,NONSHIFTER,GOLD_STANDARD
rammeln,NONSHIFTER,GOLD_STANDARD
ramponieren,SHIFTER,BOOTSTRAPPED
rändern,NONSHIFTER,GOLD_STANDARD
rangieren,NONSHIFTER,GOLD_STANDARD
raspeln,NONSHIFTER,GOLD_STANDARD
raufgehen,NONSHIFTER,GOLD_STANDARD
rauhen,NONSHIFTER,GOLD_STANDARD
räumen,NONSHIFTER,BOOTSTRAPPED
rausbringen,NONSHIFTER,GOLD_STANDARD
rauschen,NONSHIFTER,GOLD_STANDARD
raushalten,SHIFTER,GOLD_STANDARD
rauskotzen,NONSHIFTER,GOLD_STANDARD
rausschmeißen,SHIFTER,GOLD_STANDARD
rausspucken,NONSHIFTER,GOLD_STANDARD
rauswerfen,SHIFTER,BOOTSTRAPPED
reagieren,NONSHIFTER,GOLD_STANDARD
recyceln,NONSHIFTER,GOLD_STANDARD
reduzieren,SHIFTER,GOLD_STANDARD
referenzieren,NONSHIFTER,GOLD_STANDARD
reffen,NONSHIFTER,GOLD_STANDARD
refraichieren,NONSHIFTER,GOLD_STANDARD
regenerieren,SHIFTER,BOOTSTRAPPED
rehabilitieren,SHIFTER,BOOTSTRAPPED
reiben,NONSHIFTER,GOLD_STANDARD
reihern,NONSHIFTER,GOLD_STANDARD
reimen,NONSHIFTER,GOLD_STANDARD
reinstecken,NONSHIFTER,GOLD_STANDARD
reißen,NONSHIFTER,BOOTSTRAPPED
reisen,NONSHIFTER,GOLD_STANDARD
reizen,NONSHIFTER,GOLD_STANDARD
reklamieren,NONSHIFTER,GOLD_STANDARD
relativieren,NONSHIFTER,GOLD_STANDARD
reproduzieren,NONSHIFTER,GOLD_STANDARD
residieren,NONSHIFTER,GOLD_STANDARD
resignieren,NONSHIFTER,GOLD_STANDARD
resümieren,NONSHIFTER,GOLD_STANDARD
retardieren,NONSHIFTER,GOLD_STANDARD
retirieren,SHIFTER,GOLD_STANDARD
retournieren,NONSHIFTER,GOLD_STANDARD
retouschieren,NONSHIFTER,GOLD_STANDARD
retuschieren,NONSHIFTER,GOLD_STANDARD
reuen,NONSHIFTER,GOLD_STANDARD
rezensieren,NONSHIFTER,GOLD_STANDARD
rezitieren,NONSHIFTER,GOLD_STANDARD
rochieren,NONSHIFTER,GOLD_STANDARD
rodeln,NONSHIFTER,GOLD_STANDARD
rösten,NONSHIFTER,GOLD_STANDARD
rubbeln,NONSHIFTER,GOLD_STANDARD
rügen,NONSHIFTER,GOLD_STANDARD
ruinieren,SHIFTER,GOLD_STANDARD
rumgehen,NONSHIFTER,GOLD_STANDARD
runtergehen,NONSHIFTER,GOLD_STANDARD
runterkommen,NONSHIFTER,GOLD_STANDARD
runtermachen,NONSHIFTER,GOLD_STANDARD
runterputzen,NONSHIFTER,GOLD_STANDARD
russifizieren,NONSHIFTER,GOLD_STANDARD
rutschen,NONSHIFTER,GOLD_STANDARD
sabbern,NONSHIFTER,GOLD_STANDARD
sabotieren,SHIFTER,BOOTSTRAPPED
sattmachen,NONSHIFTER,GOLD_STANDARD
säumen,NONSHIFTER,GOLD_STANDARD
schaben,NONSHIFTER,GOLD_STANDARD
schabernacken,NONSHIFTER,GOLD_STANDARD
schablonisieren,NONSHIFTER,GOLD_STANDARD
schaden,SHIFTER,GOLD_STANDARD
schädigen,SHIFTER,BOOTSTRAPPED
schälen,NONSHIFTER,GOLD_STANDARD
schämen,NONSHIFTER,GOLD_STANDARD
schänden,SHIFTER,BOOTSTRAPPED
schärfen,NONSHIFTER,GOLD_STANDARD
scharwenzeln,NONSHIFTER,GOLD_STANDARD
schassen,SHIFTER,BOOTSTRAPPED
schaudern,NONSHIFTER,GOLD_STANDARD
schäumen,NONSHIFTER,GOLD_STANDARD
scheiden,SHIFTER,BOOTSTRAPPED
scheiteln,NONSHIFTER,GOLD_STANDARD
scheitern,SHIFTER,BOOTSTRAPPED
schenken,NONSHIFTER,GOLD_STANDARD
scheren,NONSHIFTER,GOLD_STANDARD
scheuen,NONSHIFTER,GOLD_STANDARD
scheuern,NONSHIFTER,GOLD_STANDARD
schiefgehen,SHIFTER,BOOTSTRAPPED
schieflaufen,SHIFTER,GOLD_STANDARD
schifahren,NONSHIFTER,GOLD_STANDARD
schiffen,NONSHIFTER,GOLD_STANDARD
schimmeln,NONSHIFTER,GOLD_STANDARD
schimpfen,NONSHIFTER,GOLD_STANDARD
schindeln,NONSHIFTER,GOLD_STANDARD
schippern,NONSHIFTER,GOLD_STANDARD
schlachten,SHIFTER,BOOTSTRAPPED
schleifen,NONSHIFTER,GOLD_STANDARD
schließen,SHIFTER,GOLD_STANDARD
schlottern,NONSHIFTER,GOLD_STANDARD
schluchzen,NONSHIFTER,GOLD_STANDARD
schlucken,NONSHIFTER,GOLD_STANDARD
schlummern,NONSHIFTER,GOLD_STANDARD
schlupfen,NONSHIFTER,GOLD_STANDARD
schmälern,SHIFTER,BOOTSTRAPPED
schmalzen,NONSHIFTER,GOLD_STANDARD
schmauchen,NONSHIFTER,GOLD_STANDARD
schmausen,NONSHIFTER,GOLD_STANDARD
schmeißen,NONSHIFTER,GOLD_STANDARD
schmelzen,SHIFTER,BOOTSTRAPPED
schmerzen,NONSHIFTER,GOLD_STANDARD
schmieden,NONSHIFTER,GOLD_STANDARD
schminken,NONSHIFTER,GOLD_STANDARD
schmökern,NONSHIFTER,GOLD_STANDARD
schmollen,NONSHIFTER,GOLD_STANDARD
schmoren,NONSHIFTER,GOLD_STANDARD
schnacken,NONSHIFTER,GOLD_STANDARD
schnallen,NONSHIFTER,GOLD_STANDARD
schnalzen,NONSHIFTER,GOLD_STANDARD
schnattern,NONSHIFTER,GOLD_STANDARD
schneien,NONSHIFTER,GOLD_STANDARD
schnipsen,NONSHIFTER,GOLD_STANDARD
schnitzen,NONSHIFTER,GOLD_STANDARD
schnobern,NONSHIFTER,GOLD_STANDARD
schnuppern,NONSHIFTER,GOLD_STANDARD
schrecken,NONSHIFTER,GOLD_STANDARD
schrillen,NONSHIFTER,GOLD_STANDARD
schrubben,NONSHIFTER,GOLD_STANDARD
schrumpfen,SHIFTER,BOOTSTRAPPED
schubsen,NONSHIFTER,GOLD_STANDARD
schulden,NONSHIFTER,GOLD_STANDARD
schulmeistern,NONSHIFTER,GOLD_STANDARD
schultern,NONSHIFTER,GOLD_STANDARD
schüren,NONSHIFTER,GOLD_STANDARD
schürfen,NONSHIFTER,GOLD_STANDARD
schwächen,SHIFTER,GOLD_STANDARD
schwären,NONSHIFTER,GOLD_STANDARD
schwarzmalen,NONSHIFTER,GOLD_STANDARD
schwarzsehen,NONSHIFTER,GOLD_STANDARD
schweben,NONSHIFTER,GOLD_STANDARD
schweifen,NONSHIFTER,GOLD_STANDARD
schweigen,NONSHIFTER,BOOTSTRAPPED
schwelen,NONSHIFTER,GOLD_STANDARD
schwellen,NONSHIFTER,GOLD_STANDARD
schwenken,NONSHIFTER,GOLD_STANDARD
schwimmen,NONSHIFTER,GOLD_STANDARD
schwinden,SHIFTER,BOOTSTRAPPED
schwirren,NONSHIFTER,GOLD_STANDARD
segeln,NONSHIFTER,GOLD_STANDARD
seibern,NONSHIFTER,GOLD_STANDARD
seichen,NONSHIFTER,GOLD_STANDARD
seilhüpfen,NONSHIFTER,GOLD_STANDARD
seinlassen,SHIFTER,BOOTSTRAPPED
sekretieren,NONSHIFTER,GOLD_STANDARD
senken,SHIFTER,BOOTSTRAPPED
sensen,NONSHIFTER,GOLD_STANDARD
sensibilisieren,NONSHIFTER,GOLD_STANDARD
separieren,NONSHIFTER,GOLD_STANDARD
seufzen,NONSHIFTER,GOLD_STANDARD
sezieren,NONSHIFTER,GOLD_STANDARD
sicherstellen,NONSHIFTER,BOOTSTRAPPED
siegen,NONSHIFTER,GOLD_STANDARD
signalisieren,NONSHIFTER,GOLD_STANDARD
signieren,NONSHIFTER,GOLD_STANDARD
simplifizieren,NONSHIFTER,GOLD_STANDARD
sinken,SHIFTER,GOLD_STANDARD
sitzenlassen,NONSHIFTER,GOLD_STANDARD
skalieren,NONSHIFTER,GOLD_STANDARD
skandieren,NONSHIFTER,GOLD_STANDARD
slawisieren,NONSHIFTER,GOLD_STANDARD
SMSen,NONSHIFTER,GOLD_STANDARD
sommern,NONSHIFTER,GOLD_STANDARD
sondern,SHIFTER,GOLD_STANDARD
sparen,SHIFTER,GOLD_STANDARD
speien,NONSHIFTER,GOLD_STANDARD
sperren,SHIFTER,GOLD_STANDARD
spicken,NONSHIFTER,GOLD_STANDARD
spielen,NONSHIFTER,GOLD_STANDARD
spitzeln,NONSHIFTER,GOLD_STANDARD
splittern,SHIFTER,BOOTSTRAPPED
sprechen,NONSHIFTER,GOLD_STANDARD
sprengen,SHIFTER,GOLD_STANDARD
spritzen,NONSHIFTER,GOLD_STANDARD
spülen,NONSHIFTER,GOLD_STANDARD
squashen,NONSHIFTER,GOLD_STANDARD
stagnieren,SHIFTER,BOOTSTRAPPED
staksen,NONSHIFTER,GOLD_STANDARD
stanzen,NONSHIFTER,GOLD_STANDARD
stauen,NONSHIFTER,BOOTSTRAPPED
stehen,NONSHIFTER,GOLD_STANDARD
stehlen,SHIFTER,BOOTSTRAPPED
stelzenlaufen,NONSHIFTER,GOLD_STANDARD
stemmen,NONSHIFTER,GOLD_STANDARD
sterben,SHIFTER,BOOTSTRAPPED
sticken,NONSHIFTER,GOLD_STANDARD
stiemen,NONSHIFTER,GOLD_STANDARD
stieren,NONSHIFTER,GOLD_STANDARD
stillegen,SHIFTER,BOOTSTRAPPED
stilllegen,SHIFTER,GOLD_STANDARD
stillsitzen,NONSHIFTER,GOLD_STANDARD
stillstehen,SHIFTER,BOOTSTRAPPED
stippen,NONSHIFTER,GOLD_STANDARD
stocken,SHIFTER,BOOTSTRAPPED
stoppen,SHIFTER,BOOTSTRAPPED
stören,SHIFTER,BOOTSTRAPPED
stornieren,SHIFTER,BOOTSTRAPPED
stößeln,NONSHIFTER,GOLD_STANDARD
stoßen,NONSHIFTER,GOLD_STANDARD
straffen,NONSHIFTER,GOLD_STANDARD
strammstehen,NONSHIFTER,GOLD_STANDARD
stratifizieren,NONSHIFTER,GOLD_STANDARD
straucheln,NONSHIFTER,BOOTSTRAPPED
streamen,NONSHIFTER,GOLD_STANDARD
streben,NONSHIFTER,GOLD_STANDARD
strebern,NONSHIFTER,GOLD_STANDARD
streiken,SHIFTER,BOOTSTRAPPED
stricken,NONSHIFTER,GOLD_STANDARD
stümpern,NONSHIFTER,GOLD_STANDARD
stumpfen,NONSHIFTER,GOLD_STANDARD
stürzen,SHIFTER,BOOTSTRAPPED
stützen,NONSHIFTER,GOLD_STANDARD
stylen,NONSHIFTER,GOLD_STANDARD
subskribieren,NONSHIFTER,GOLD_STANDARD
suchen,NONSHIFTER,GOLD_STANDARD
sukzedieren,NONSHIFTER,GOLD_STANDARD
sulfurieren,NONSHIFTER,GOLD_STANDARD
süppeln,NONSHIFTER,GOLD_STANDARD
suspendieren,SHIFTER,BOOTSTRAPPED
syllabifizieren,NONSHIFTER,GOLD_STANDARD
synchronisieren,NONSHIFTER,GOLD_STANDARD
tabuieren,SHIFTER,GOLD_STANDARD
tabuisieren,SHIFTER,GOLD_STANDARD
tadeln,NONSHIFTER,BOOTSTRAPPED
tafeln,NONSHIFTER,GOLD_STANDARD
täfeln,NONSHIFTER,GOLD_STANDARD
talgen,NONSHIFTER,GOLD_STANDARD
tangieren,NONSHIFTER,GOLD_STANDARD
tapezieren,NONSHIFTER,GOLD_STANDARD
tapsen,NONSHIFTER,GOLD_STANDARD
tarnen,NONSHIFTER,GOLD_STANDARD
tattern,NONSHIFTER,GOLD_STANDARD
taxieren,NONSHIFTER,GOLD_STANDARD
teeren,NONSHIFTER,GOLD_STANDARD
tendieren,NONSHIFTER,GOLD_STANDARD
testieren,NONSHIFTER,GOLD_STANDARD
teufen,NONSHIFTER,GOLD_STANDARD
ticken,NONSHIFTER,GOLD_STANDARD
tilgen,SHIFTER,GOLD_STANDARD
tingieren,NONSHIFTER,GOLD_STANDARD
tönen,NONSHIFTER,GOLD_STANDARD
töpfern,NONSHIFTER,GOLD_STANDARD
torpedieren,SHIFTER,BOOTSTRAPPED
töten,SHIFTER,BOOTSTRAPPED
totschweigen,SHIFTER,BOOTSTRAPPED
traden,NONSHIFTER,GOLD_STANDARD
tranchieren,NONSHIFTER,GOLD_STANDARD
tränen,NONSHIFTER,GOLD_STANDARD
transformieren,NONSHIFTER,GOLD_STANDARD
trennen,SHIFTER,BOOTSTRAPPED
triezen,NONSHIFTER,GOLD_STANDARD
triften,NONSHIFTER,GOLD_STANDARD
trinken,NONSHIFTER,GOLD_STANDARD
trompeten,NONSHIFTER,GOLD_STANDARD
trüben,SHIFTER,BOOTSTRAPPED
trumpfen,NONSHIFTER,GOLD_STANDARD
tun,NONSHIFTER,GOLD_STANDARD
tüpfeln,NONSHIFTER,GOLD_STANDARD
tupfen,NONSHIFTER,GOLD_STANDARD
türmen,SHIFTER,BOOTSTRAPPED
typen,NONSHIFTER,GOLD_STANDARD
überbelegen,NONSHIFTER,GOLD_STANDARD
überbewerten,NONSHIFTER,GOLD_STANDARD
überdecken,NONSHIFTER,GOLD_STANDARD
überdrucken,NONSHIFTER,GOLD_STANDARD
übereignen,NONSHIFTER,GOLD_STANDARD
übereilen,NONSHIFTER,GOLD_STANDARD
überfallen,NONSHIFTER,GOLD_STANDARD
überfischen,NONSHIFTER,GOLD_STANDARD
überfluten,NONSHIFTER,GOLD_STANDARD
überfressen,NONSHIFTER,BOOTSTRAPPED
überfüllen,NONSHIFTER,GOLD_STANDARD
übergehen,SHIFTER,GOLD_STANDARD
überhandnehmen,NONSHIFTER,GOLD_STANDARD
überhöhen,NONSHIFTER,GOLD_STANDARD
überkippen,NONSHIFTER,GOLD_STANDARD
überlassen,SHIFTER,GOLD_STANDARD
überlaufen,NONSHIFTER,GOLD_STANDARD
überlegen,NONSHIFTER,GOLD_STANDARD
überleiten,NONSHIFTER,GOLD_STANDARD
überlesen,SHIFTER,BOOTSTRAPPED
überliefern,NONSHIFTER,GOLD_STANDARD
überlisten,NONSHIFTER,GOLD_STANDARD
übermannen,SHIFTER,BOOTSTRAPPED
übermitteln,NONSHIFTER,GOLD_STANDARD
überschauen,NONSHIFTER,GOLD_STANDARD
überschreiten,NONSHIFTER,BOOTSTRAPPED
übersehen,SHIFTER,BOOTSTRAPPED
überspringen,SHIFTER,GOLD_STANDARD
übersteigern,NONSHIFTER,GOLD_STANDARD
überstimmen,NONSHIFTER,GOLD_STANDARD
übertreffen,NONSHIFTER,GOLD_STANDARD
übertreten,SHIFTER,GOLD_STANDARD
überwältigen,SHIFTER,BOOTSTRAPPED
überwechseln,NONSHIFTER,GOLD_STANDARD
überwerfen,NONSHIFTER,GOLD_STANDARD
überwinden,SHIFTER,BOOTSTRAPPED
überwölben,NONSHIFTER,GOLD_STANDARD
überziehen,NONSHIFTER,GOLD_STANDARD
umbuchen,NONSHIFTER,GOLD_STANDARD
umdisponieren,NONSHIFTER,GOLD_STANDARD
umdrehen,SHIFTER,BOOTSTRAPPED
umfallen,SHIFTER,GOLD_STANDARD
umfließen,NONSHIFTER,GOLD_STANDARD
umgehen,SHIFTER,GOLD_STANDARD
umhalsen,NONSHIFTER,GOLD_STANDARD
umhertigern,NONSHIFTER,GOLD_STANDARD
umhüllen,NONSHIFTER,GOLD_STANDARD
umkehren,SHIFTER,GOLD_STANDARD
umkippen,SHIFTER,GOLD_STANDARD
umklammern,NONSHIFTER,GOLD_STANDARD
umklappen,SHIFTER,BOOTSTRAPPED
umkommen,SHIFTER,BOOTSTRAPPED
umkucken,NONSHIFTER,GOLD_STANDARD
umladen,NONSHIFTER,GOLD_STANDARD
umlaufen,NONSHIFTER,GOLD_STANDARD
umranden,NONSHIFTER,GOLD_STANDARD
umrunden,NONSHIFTER,GOLD_STANDARD
umschalten,NONSHIFTER,BOOTSTRAPPED
umschauen,NONSHIFTER,GOLD_STANDARD
umschlingen,NONSHIFTER,GOLD_STANDARD
umschreiben,NONSHIFTER,GOLD_STANDARD
umschulen,NONSHIFTER,GOLD_STANDARD
umsehen,NONSHIFTER,GOLD_STANDARD
umsetzen,NONSHIFTER,GOLD_STANDARD
umsiedeln,NONSHIFTER,BOOTSTRAPPED
umstoßen,SHIFTER,BOOTSTRAPPED
umstürzen,SHIFTER,BOOTSTRAPPED
umtauschen,NONSHIFTER,GOLD_STANDARD
umwallen,NONSHIFTER,GOLD_STANDARD
umwandeln,NONSHIFTER,GOLD_STANDARD
umwenden,NONSHIFTER,BOOTSTRAPPED
umwerfen,SHIFTER,GOLD_STANDARD
umzäunen,NONSHIFTER,GOLD_STANDARD
uniformisieren,NONSHIFTER,GOLD_STANDARD
unken,NONSHIFTER,GOLD_STANDARD
unterbinden,SHIFTER,BOOTSTRAPPED
unterbleiben,SHIFTER,BOOTSTRAPPED
unterbrechen,SHIFTER,BOOTSTRAPPED
unterdrücken,SHIFTER,GOLD_STANDARD
untergehen,SHIFTER,BOOTSTRAPPED
untergraben,SHIFTER,GOLD_STANDARD
unterhaken,NONSHIFTER,GOLD_STANDARD
unterhöhlen,SHIFTER,BOOTSTRAPPED
unterjochen,NONSHIFTER,GOLD_STANDARD
unterlassen,SHIFTER,BOOTSTRAPPED
unterlaufen,SHIFTER,BOOTSTRAPPED
untermauern,NONSHIFTER,GOLD_STANDARD
unterminieren,SHIFTER,BOOTSTRAPPED
unternehmen,NONSHIFTER,GOLD_STANDARD
unterreden,NONSHIFTER,GOLD_STANDARD
untersagen,SHIFTER,BOOTSTRAPPED
unterschieben,NONSHIFTER,GOLD_STANDARD
unterstehen,NONSHIFTER,GOLD_STANDARD
unterstützen,NONSHIFTER,GOLD_STANDARD
untersuchen,NONSHIFTER,GOLD_STANDARD
untertauchen,NONSHIFTER,BOOTSTRAPPED
unterwerfen,SHIFTER,BOOTSTRAPPED
updaten,NONSHIFTER,GOLD_STANDARD
uploaden,NONSHIFTER,GOLD_STANDARD
urbanisieren,NONSHIFTER,GOLD_STANDARD
urlauben,NONSHIFTER,GOLD_STANDARD
vaporisieren,SHIFTER,BOOTSTRAPPED
verabsäumen,SHIFTER,GOLD_STANDARD
verabschieden,NONSHIFTER,GOLD_STANDARD
veralbern,NONSHIFTER,GOLD_STANDARD
veralten,NONSHIFTER,GOLD_STANDARD
verarbeiten,NONSHIFTER,GOLD_STANDARD
verargen,NONSHIFTER,GOLD_STANDARD
verarmen,SHIFTER,BOOTSTRAPPED
verarzten,NONSHIFTER,GOLD_STANDARD
verästeln,NONSHIFTER,GOLD_STANDARD
veräußerlichen,NONSHIFTER,GOLD_STANDARD
verballhornen,NONSHIFTER,GOLD_STANDARD
verbannen,SHIFTER,BOOTSTRAPPED
verbauen,NONSHIFTER,GOLD_STANDARD
verbeißen,SHIFTER,GOLD_STANDARD
verbergen,NONSHIFTER,GOLD_STANDARD
verbessern,NONSHIFTER,BOOTSTRAPPED
verbeugen,NONSHIFTER,GOLD_STANDARD
verbeulen,NONSHIFTER,BOOTSTRAPPED
verbieten,SHIFTER,BOOTSTRAPPED
verbitten,NONSHIFTER,GOLD_STANDARD
verbittern,NONSHIFTER,GOLD_STANDARD
verblassen,NONSHIFTER,GOLD_STANDARD
verbleichen,SHIFTER,BOOTSTRAPPED
verblühen,SHIFTER,BOOTSTRAPPED
verbluten,NONSHIFTER,BOOTSTRAPPED
verbocken,SHIFTER,GOLD_STANDARD
verbrämen,NONSHIFTER,GOLD_STANDARD
verbrauchen,SHIFTER,GOLD_STANDARD
verbrennen,SHIFTER,GOLD_STANDARD
verbrühen,NONSHIFTER,GOLD_STANDARD
verbumfiedeln,NONSHIFTER,GOLD_STANDARD
verbummeln,NONSHIFTER,GOLD_STANDARD
verchromen,NONSHIFTER,GOLD_STANDARD
verdampfen,SHIFTER,GOLD_STANDARD
verdauen,NONSHIFTER,GOLD_STANDARD
verderben,SHIFTER,GOLD_STANDARD
verdeutschen,NONSHIFTER,GOLD_STANDARD
verdonnern,NONSHIFTER,GOLD_STANDARD
verdorren,SHIFTER,BOOTSTRAPPED
verdörren,NONSHIFTER,GOLD_STANDARD
verdrängen,SHIFTER,BOOTSTRAPPED
verdrücken,NONSHIFTER,GOLD_STANDARD
verdübeln,NONSHIFTER,GOLD_STANDARD
verduften,SHIFTER,BOOTSTRAPPED
verdünnen,SHIFTER,BOOTSTRAPPED
verdüstern,NONSHIFTER,GOLD_STANDARD
verehren,NONSHIFTER,GOLD_STANDARD
vereidigen,NONSHIFTER,GOLD_STANDARD
vereinnahmen,NONSHIFTER,GOLD_STANDARD
vereinzeln,NONSHIFTER,GOLD_STANDARD
vereiteln,SHIFTER,BOOTSTRAPPED
vereitern,NONSHIFTER,GOLD_STANDARD
verfallen,SHIFTER,BOOTSTRAPPED
verfaulen,SHIFTER,BOOTSTRAPPED
verfehlen,SHIFTER,BOOTSTRAPPED
verfeinden,NONSHIFTER,GOLD_STANDARD
verfeinern,NONSHIFTER,GOLD_STANDARD
verfliegen,SHIFTER,GOLD_STANDARD
verfließen,NONSHIFTER,GOLD_STANDARD
verfluchen,NONSHIFTER,GOLD_STANDARD
verflüchtigen,SHIFTER,GOLD_STANDARD
verfolgen,NONSHIFTER,BOOTSTRAPPED
verfrachten,NONSHIFTER,GOLD_STANDARD
verfugen,NONSHIFTER,GOLD_STANDARD
verführen,NONSHIFTER,GOLD_STANDARD
vergällen,SHIFTER,BOOTSTRAPPED
vergaloppieren,NONSHIFTER,GOLD_STANDARD
vergammeln,NONSHIFTER,GOLD_STANDARD
vergasen,NONSHIFTER,BOOTSTRAPPED
vergeben,NONSHIFTER,GOLD_STANDARD
vergegenständlichen,NONSHIFTER,GOLD_STANDARD
vergehen,SHIFTER,BOOTSTRAPPED
vergeigen,SHIFTER,GOLD_STANDARD
vergelten,NONSHIFTER,GOLD_STANDARD
vergessen,SHIFTER,BOOTSTRAPPED
vergeuden,NONSHIFTER,GOLD_STANDARD
vergewaltigen,SHIFTER,GOLD_STANDARD
vergießen,NONSHIFTER,GOLD_STANDARD
vergiften,SHIFTER,BOOTSTRAPPED
vergittern,NONSHIFTER,GOLD_STANDARD
vergleichen,NONSHIFTER,GOLD_STANDARD
verglühen,NONSHIFTER,GOLD_STANDARD
vergolden,NONSHIFTER,GOLD_STANDARD
vergöttlichen,NONSHIFTER,GOLD_STANDARD
vergraben,NONSHIFTER,BOOTSTRAPPED
vergrämen,NONSHIFTER,GOLD_STANDARD
vergröbern,NONSHIFTER,GOLD_STANDARD
vergroßstädtern,NONSHIFTER,GOLD_STANDARD
vergucken,NONSHIFTER,GOLD_STANDARD
verhageln,NONSHIFTER,GOLD_STANDARD
verhalten,NONSHIFTER,GOLD_STANDARD
verhängen,NONSHIFTER,GOLD_STANDARD
verhäßlichen,NONSHIFTER,GOLD_STANDARD
verheddern,NONSHIFTER,GOLD_STANDARD
verheeren,NONSHIFTER,GOLD_STANDARD
verhehlen,NONSHIFTER,GOLD_STANDARD
verheilen,SHIFTER,GOLD_STANDARD
verheizen,SHIFTER,BOOTSTRAPPED
verhindern,SHIFTER,GOLD_STANDARD
verholzen,NONSHIFTER,GOLD_STANDARD
verhornen,NONSHIFTER,GOLD_STANDARD
verhungern,SHIFTER,BOOTSTRAPPED
verhunzen,SHIFTER,BOOTSTRAPPED
verhüten,SHIFTER,GOLD_STANDARD
verifizieren,NONSHIFTER,GOLD_STANDARD
verjagen,SHIFTER,BOOTSTRAPPED
verjähren,NONSHIFTER,BOOTSTRAPPED
verjüngen,NONSHIFTER,GOLD_STANDARD
verkacken,SHIFTER,BOOTSTRAPPED
verkanten,NONSHIFTER,GOLD_STANDARD
verkaufen,NONSHIFTER,GOLD_STANDARD
verkeilen,NONSHIFTER,GOLD_STANDARD
verketten,NONSHIFTER,GOLD_STANDARD
verkleinern,SHIFTER,BOOTSTRAPPED
verklingen,SHIFTER,GOLD_STANDARD
verknautschen,NONSHIFTER,GOLD_STANDARD
verkneten,NONSHIFTER,GOLD_STANDARD
verknipsen,NONSHIFTER,GOLD_STANDARD
verknöchern,NONSHIFTER,GOLD_STANDARD
verkommen,SHIFTER,GOLD_STANDARD
verkorksen,SHIFTER,BOOTSTRAPPED
verkraften,NONSHIFTER,GOLD_STANDARD
verkratzen,NONSHIFTER,GOLD_STANDARD
verkriechen,NONSHIFTER,GOLD_STANDARD
verkrüppeln,SHIFTER,BOOTSTRAPPED
verkühlen,NONSHIFTER,GOLD_STANDARD
verkümmern,SHIFTER,GOLD_STANDARD
verkürzen,SHIFTER,BOOTSTRAPPED
verladen,NONSHIFTER,GOLD_STANDARD
verlangsamen,SHIFTER,BOOTSTRAPPED
verlassen,SHIFTER,GOLD_STANDARD
verlautbaren,NONSHIFTER,GOLD_STANDARD
verlauten,NONSHIFTER,GOLD_STANDARD
verleimen,NONSHIFTER,GOLD_STANDARD
verlernen,SHIFTER,BOOTSTRAPPED
verletzen,SHIFTER,BOOTSTRAPPED
verleugnen,SHIFTER,BOOTSTRAPPED
verlieren,SHIFTER,GOLD_STANDARD
verlorengehen,NONSHIFTER,GOLD_STANDARD
verlöschen,SHIFTER,BOOTSTRAPPED
verlottern,SHIFTER,BOOTSTRAPPED
verlustieren,NONSHIFTER,GOLD_STANDARD
vermachen,NONSHIFTER,GOLD_STANDARD
vermaledeien,NONSHIFTER,GOLD_STANDARD
vermannigfachen,NONSHIFTER,GOLD_STANDARD
vermännlichen,NONSHIFTER,GOLD_STANDARD
vermarkten,NONSHIFTER,GOLD_STANDARD
vermasseln,SHIFTER,GOLD_STANDARD
vermeiden,SHIFTER,BOOTSTRAPPED
vermenschlichen,NONSHIFTER,GOLD_STANDARD
vermessen,NONSHIFTER,GOLD_STANDARD
vermiesen,SHIFTER,GOLD_STANDARD
vermieten,NONSHIFTER,GOLD_STANDARD
vermindern,SHIFTER,BOOTSTRAPPED
vermissen,SHIFTER,BOOTSTRAPPED
vermodern,SHIFTER,BOOTSTRAPPED
vermurksen,SHIFTER,BOOTSTRAPPED
vernachlässigen,SHIFTER,BOOTSTRAPPED
vernebeln,NONSHIFTER,BOOTSTRAPPED
vernehmen,NONSHIFTER,GOLD_STANDARD
verneinen,SHIFTER,GOLD_STANDARD
vernichten,SHIFTER,BOOTSTRAPPED
veröden,SHIFTER,BOOTSTRAPPED
verpacken,NONSHIFTER,GOLD_STANDARD
verpassen,SHIFTER,BOOTSTRAPPED
verpatzen,SHIFTER,BOOTSTRAPPED
verpesten,NONSHIFTER,GOLD_STANDARD
verpfuschen,SHIFTER,BOOTSTRAPPED
verpönen,NONSHIFTER,GOLD_STANDARD
verpuffen,SHIFTER,GOLD_STANDARD
verquirlen,NONSHIFTER,GOLD_STANDARD
verrammeln,NONSHIFTER,GOLD_STANDARD
verrauchen,SHIFTER,BOOTSTRAPPED
verrauschen,NONSHIFTER,BOOTSTRAPPED
verrechnen,NONSHIFTER,GOLD_STANDARD
verrecken,SHIFTER,BOOTSTRAPPED
verreiben,NONSHIFTER,GOLD_STANDARD
verrenken,NONSHIFTER,GOLD_STANDARD
verrennen,NONSHIFTER,GOLD_STANDARD
verringern,SHIFTER,GOLD_STANDARD
verrinnen,SHIFTER,GOLD_STANDARD
verrohren,NONSHIFTER,GOLD_STANDARD
verrosten,SHIFTER,BOOTSTRAPPED
verrotten,SHIFTER,BOOTSTRAPPED
versagen,SHIFTER,BOOTSTRAPPED
versägen,SHIFTER,BOOTSTRAPPED
versauen,SHIFTER,BOOTSTRAPPED
versauern,SHIFTER,BOOTSTRAPPED
versäumen,SHIFTER,GOLD_STANDARD
verschallen,NONSHIFTER,GOLD_STANDARD
verschandeln,NONSHIFTER,BOOTSTRAPPED
verschanzen,NONSHIFTER,GOLD_STANDARD
verschärfen,NONSHIFTER,GOLD_STANDARD
verscheiden,SHIFTER,BOOTSTRAPPED
verscheuchen,SHIFTER,BOOTSTRAPPED
verschieben,SHIFTER,GOLD_STANDARD
verschlafen,NONSHIFTER,GOLD_STANDARD
verschlagen,NONSHIFTER,GOLD_STANDARD
verschlammen,NONSHIFTER,GOLD_STANDARD
verschlampen,SHIFTER,GOLD_STANDARD
verschlechtern,SHIFTER,GOLD_STANDARD
verschleiern,SHIFTER,GOLD_STANDARD
verschlimmbessern,NONSHIFTER,GOLD_STANDARD
verschlingen,NONSHIFTER,GOLD_STANDARD
verschlucken,NONSHIFTER,GOLD_STANDARD
verschmähen,SHIFTER,BOOTSTRAPPED
verschmieren,NONSHIFTER,GOLD_STANDARD
verschneiden,NONSHIFTER,GOLD_STANDARD
verschonen,SHIFTER,GOLD_STANDARD
verschrecken,NONSHIFTER,GOLD_STANDARD
verschroten,NONSHIFTER,GOLD_STANDARD
verschweigen,NONSHIFTER,BOOTSTRAPPED
verschwinden,SHIFTER,BOOTSTRAPPED
verschwistern,NONSHIFTER,GOLD_STANDARD
verschwitzen,NONSHIFTER,GOLD_STANDARD
versehen,SHIFTER,GOLD_STANDARD
versehren,SHIFTER,BOOTSTRAPPED
verselbstständigen,NONSHIFTER,GOLD_STANDARD
versemmeln,SHIFTER,BOOTSTRAPPED
versengen,NONSHIFTER,BOOTSTRAPPED
versenken,SHIFTER,BOOTSTRAPPED
versichern,NONSHIFTER,GOLD_STANDARD
versickern,NONSHIFTER,GOLD_STANDARD
versieben,SHIFTER,GOLD_STANDARD
versiebenfachen,NONSHIFTER,GOLD_STANDARD
versiegen,SHIFTER,BOOTSTRAPPED
versinken,SHIFTER,GOLD_STANDARD
versöhnen,SHIFTER,BOOTSTRAPPED
versperren,SHIFTER,BOOTSTRAPPED
versprachlichen,NONSHIFTER,GOLD_STANDARD
versprechen,NONSHIFTER,GOLD_STANDARD
versprengen,NONSHIFTER,GOLD_STANDARD
verstaatlichen,NONSHIFTER,GOLD_STANDARD
verstellen,NONSHIFTER,GOLD_STANDARD
versterben,SHIFTER,GOLD_STANDARD
verstimmen,NONSHIFTER,BOOTSTRAPPED
verstopfen,SHIFTER,BOOTSTRAPPED
verstören,NONSHIFTER,GOLD_STANDARD
verstoßen,SHIFTER,BOOTSTRAPPED
verstreichen,NONSHIFTER,BOOTSTRAPPED
verstümmeln,SHIFTER,BOOTSTRAPPED
verstummen,NONSHIFTER,GOLD_STANDARD
versumpfen,SHIFTER,GOLD_STANDARD
vertagen,SHIFTER,BOOTSTRAPPED
vertauschen,NONSHIFTER,GOLD_STANDARD
vertausendfachen,NONSHIFTER,GOLD_STANDARD
verteilen,NONSHIFTER,GOLD_STANDARD
vertelefonieren,NONSHIFTER,GOLD_STANDARD
verteufeln,NONSHIFTER,GOLD_STANDARD
vertiefen,NONSHIFTER,GOLD_STANDARD
vertreiben,SHIFTER,BOOTSTRAPPED
vertrocknen,NONSHIFTER,GOLD_STANDARD
vertrösten,NONSHIFTER,GOLD_STANDARD
vertuschen,NONSHIFTER,GOLD_STANDARD
verulken,NONSHIFTER,GOLD_STANDARD
verunglimpfen,NONSHIFTER,BOOTSTRAPPED
verunmöglichen,NONSHIFTER,GOLD_STANDARD
verursachen,NONSHIFTER,GOLD_STANDARD
verurteilen,NONSHIFTER,GOLD_STANDARD
vervielfachen,NONSHIFTER,GOLD_STANDARD
vervollständigen,NONSHIFTER,GOLD_STANDARD
verwahrlosen,SHIFTER,BOOTSTRAPPED
verwalten,NONSHIFTER,GOLD_STANDARD
verweben,NONSHIFTER,GOLD_STANDARD
verwehen,NONSHIFTER,GOLD_STANDARD
verwehren,SHIFTER,BOOTSTRAPPED
verweichlichen,NONSHIFTER,GOLD_STANDARD
verweigern,SHIFTER,BOOTSTRAPPED
verweisen,NONSHIFTER,GOLD_STANDARD
verwelken,SHIFTER,BOOTSTRAPPED
verwerfen,SHIFTER,BOOTSTRAPPED
verwesen,SHIFTER,GOLD_STANDARD
verwittern,NONSHIFTER,GOLD_STANDARD
verwunden,SHIFTER,BOOTSTRAPPED
verwursten,NONSHIFTER,GOLD_STANDARD
verwüsten,SHIFTER,BOOTSTRAPPED
verzehren,SHIFTER,BOOTSTRAPPED
verzeihen,NONSHIFTER,GOLD_STANDARD
verzerren,SHIFTER,GOLD_STANDARD
verzichten,SHIFTER,GOLD_STANDARD
verziehen,SHIFTER,GOLD_STANDARD
verzögern,NONSHIFTER,GOLD_STANDARD
verzuckern,NONSHIFTER,GOLD_STANDARD
verzweigen,NONSHIFTER,GOLD_STANDARD
visitieren,NONSHIFTER,GOLD_STANDARD
vollbringen,NONSHIFTER,GOLD_STANDARD
vollschlagen,NONSHIFTER,GOLD_STANDARD
vollschmieren,NONSHIFTER,GOLD_STANDARD
voranfahren,NONSHIFTER,GOLD_STANDARD
vorangehen,NONSHIFTER,GOLD_STANDARD
vorantreiben,NONSHIFTER,GOLD_STANDARD
voranwagen,NONSHIFTER,GOLD_STANDARD
voraussehen,NONSHIFTER,GOLD_STANDARD
voraussetzen,NONSHIFTER,GOLD_STANDARD
vorbeifliegen,NONSHIFTER,GOLD_STANDARD
vorbeiführen,NONSHIFTER,GOLD_STANDARD
vorbeigehen,SHIFTER,GOLD_STANDARD
vorbereiten,NONSHIFTER,GOLD_STANDARD
vorbestimmen,NONSHIFTER,GOLD_STANDARD
vorbeugen,SHIFTER,BOOTSTRAPPED
vorbringen,NONSHIFTER,GOLD_STANDARD
vordrängen,NONSHIFTER,GOLD_STANDARD
vorenthalten,SHIFTER,BOOTSTRAPPED
vorfahren,NONSHIFTER,GOLD_STANDARD
vorfallen,NONSHIFTER,GOLD_STANDARD
vorfinden,NONSHIFTER,GOLD_STANDARD
vorflunkern,NONSHIFTER,GOLD_STANDARD
vorgeben,NONSHIFTER,GOLD_STANDARD
vorhaben,NONSHIFTER,GOLD_STANDARD
vorhängen,NONSHIFTER,GOLD_STANDARD
vorleben,NONSHIFTER,GOLD_STANDARD
vorlesen,NONSHIFTER,GOLD_STANDARD
vormerken,NONSHIFTER,GOLD_STANDARD
vorplanen,NONSHIFTER,GOLD_STANDARD
vorschreiben,NONSHIFTER,GOLD_STANDARD
vorsitzen,NONSHIFTER,GOLD_STANDARD
vorspannen,NONSHIFTER,GOLD_STANDARD
vorsprechen,NONSHIFTER,GOLD_STANDARD
vorübergehen,SHIFTER,BOOTSTRAPPED
vorwärmen,NONSHIFTER,GOLD_STANDARD
vorwarnen,NONSHIFTER,GOLD_STANDARD
vorweisen,NONSHIFTER,GOLD_STANDARD
wagen,NONSHIFTER,GOLD_STANDARD
wählen,NONSHIFTER,GOLD_STANDARD
wähnen,NONSHIFTER,GOLD_STANDARD
wahren,NONSHIFTER,BOOTSTRAPPED
walzen,NONSHIFTER,GOLD_STANDARD
warnen,NONSHIFTER,GOLD_STANDARD
watschen,NONSHIFTER,GOLD_STANDARD
wattieren,NONSHIFTER,GOLD_STANDARD
wecken,NONSHIFTER,GOLD_STANDARD
wegbleiben,SHIFTER,BOOTSTRAPPED
wegbrechen,SHIFTER,BOOTSTRAPPED
wegfahren,NONSHIFTER,GOLD_STANDARD
wegfallen,SHIFTER,BOOTSTRAPPED
wegfliegen,SHIFTER,GOLD_STANDARD
wegfressen,SHIFTER,BOOTSTRAPPED
wegführen,NONSHIFTER,GOLD_STANDARD
weggeben,SHIFTER,BOOTSTRAPPED
weggehen,SHIFTER,BOOTSTRAPPED
wegjagen,SHIFTER,BOOTSTRAPPED
wegkommen,SHIFTER,BOOTSTRAPPED
weglassen,SHIFTER,BOOTSTRAPPED
weglaufen,SHIFTER,BOOTSTRAPPED
weglegen,NONSHIFTER,BOOTSTRAPPED
wegmüssen,NONSHIFTER,GOLD_STANDARD
wegnehmen,SHIFTER,GOLD_STANDARD
wegräumen,NONSHIFTER,GOLD_STANDARD
wegreißen,SHIFTER,GOLD_STANDARD
wegschaffen,SHIFTER,BOOTSTRAPPED
wegscheuchen,SHIFTER,BOOTSTRAPPED
wegschicken,SHIFTER,GOLD_STANDARD
wegschieben,SHIFTER,BOOTSTRAPPED
wegspülen,SHIFTER,BOOTSTRAPPED
wegtragen,NONSHIFTER,GOLD_STANDARD
wegtreiben,SHIFTER,BOOTSTRAPPED
wegtun,NONSHIFTER,BOOTSTRAPPED
wegwerfen,SHIFTER,GOLD_STANDARD
wegwischen,SHIFTER,BOOTSTRAPPED
wegziehen,SHIFTER,BOOTSTRAPPED
wehren,SHIFTER,BOOTSTRAPPED
wehtun,NONSHIFTER,GOLD_STANDARD
weichen,SHIFTER,GOLD_STANDARD
weilen,NONSHIFTER,GOLD_STANDARD
weinen,NONSHIFTER,GOLD_STANDARD
weissagen,NONSHIFTER,GOLD_STANDARD
weißeln,NONSHIFTER,GOLD_STANDARD
weiterdenken,NONSHIFTER,GOLD_STANDARD
weiterentwickeln,NONSHIFTER,GOLD_STANDARD
weiterführen,NONSHIFTER,GOLD_STANDARD
weitergeben,NONSHIFTER,GOLD_STANDARD
weiterkämpfen,NONSHIFTER,GOLD_STANDARD
weiterlaufen,NONSHIFTER,GOLD_STANDARD
weiterleiten,NONSHIFTER,GOLD_STANDARD
weiterverarbeiten,NONSHIFTER,GOLD_STANDARD
weiterverkaufen,NONSHIFTER,GOLD_STANDARD
weiterwirken,NONSHIFTER,GOLD_STANDARD
welken,SHIFTER,BOOTSTRAPPED
wellen,NONSHIFTER,GOLD_STANDARD
wenden,NONSHIFTER,GOLD_STANDARD
werben,NONSHIFTER,GOLD_STANDARD
werkeln,NONSHIFTER,GOLD_STANDARD
wertstellen,NONSHIFTER,GOLD_STANDARD
wetterleuchten,NONSHIFTER,GOLD_STANDARD
wettmachen,SHIFTER,BOOTSTRAPPED
widerlegen,SHIFTER,BOOTSTRAPPED
widerrufen,SHIFTER,BOOTSTRAPPED
widmen,NONSHIFTER,GOLD_STANDARD
wiederentdecken,NONSHIFTER,GOLD_STANDARD
wiederholen,NONSHIFTER,GOLD_STANDARD
wiedertreffen,NONSHIFTER,GOLD_STANDARD
wiedervereinigen,NONSHIFTER,GOLD_STANDARD
wiegen,NONSHIFTER,GOLD_STANDARD
wimmern,NONSHIFTER,GOLD_STANDARD
windeln,NONSHIFTER,GOLD_STANDARD
windsurfen,NONSHIFTER,GOLD_STANDARD
winseln,NONSHIFTER,GOLD_STANDARD
wischen,SHIFTER,BOOTSTRAPPED
wittern,NONSHIFTER,GOLD_STANDARD
witzeln,NONSHIFTER,GOLD_STANDARD
würfeln,NONSHIFTER,GOLD_STANDARD
wursten,NONSHIFTER,GOLD_STANDARD
zagen,NONSHIFTER,GOLD_STANDARD
zähmen,SHIFTER,BOOTSTRAPPED
zahnen,NONSHIFTER,GOLD_STANDARD
zanken,NONSHIFTER,GOLD_STANDARD
zaudern,NONSHIFTER,GOLD_STANDARD
zausen,NONSHIFTER,GOLD_STANDARD
zedieren,NONSHIFTER,GOLD_STANDARD
zentralisieren,NONSHIFTER,GOLD_STANDARD
zentrieren,NONSHIFTER,GOLD_STANDARD
zentrifugieren,NONSHIFTER,GOLD_STANDARD
zerbeißen,NONSHIFTER,GOLD_STANDARD
zerbersten,SHIFTER,BOOTSTRAPPED
zerbomben,NONSHIFTER,GOLD_STANDARD
zerbrechen,SHIFTER,GOLD_STANDARD
zerbröseln,NONSHIFTER,BOOTSTRAPPED
zerdeppern,SHIFTER,BOOTSTRAPPED
zerdrücken,SHIFTER,GOLD_STANDARD
zerfahren,SHIFTER,BOOTSTRAPPED
zerfallen,SHIFTER,BOOTSTRAPPED
zerfließen,NONSHIFTER,BOOTSTRAPPED
zerfräsen,NONSHIFTER,BOOTSTRAPPED
zerfressen,SHIFTER,BOOTSTRAPPED
zergehen,SHIFTER,BOOTSTRAPPED
zerhauen,SHIFTER,GOLD_STANDARD
zerkloppen,SHIFTER,GOLD_STANDARD
zerklüften,NONSHIFTER,GOLD_STANDARD
zerknallen,SHIFTER,GOLD_STANDARD
zerkrümeln,NONSHIFTER,GOLD_STANDARD
zerlassen,NONSHIFTER,GOLD_STANDARD
zerlaufen,SHIFTER,BOOTSTRAPPED
zermahlen,NONSHIFTER,GOLD_STANDARD
zermalmen,SHIFTER,BOOTSTRAPPED
zermanschen,SHIFTER,GOLD_STANDARD
zermatschen,SHIFTER,BOOTSTRAPPED
zermürben,NONSHIFTER,GOLD_STANDARD
zernagen,NONSHIFTER,GOLD_STANDARD
zerplatzen,SHIFTER,GOLD_STANDARD
zerquetschen,SHIFTER,BOOTSTRAPPED
zerreden,NONSHIFTER,GOLD_STANDARD
zerreißen,SHIFTER,BOOTSTRAPPED
zerrinnen,SHIFTER,GOLD_STANDARD
zerrupfen,NONSHIFTER,GOLD_STANDARD
zerrütten,NONSHIFTER,GOLD_STANDARD
zerschießen,SHIFTER,BOOTSTRAPPED
zerschlagen,SHIFTER,GOLD_STANDARD
zerschleißen,SHIFTER,BOOTSTRAPPED
zerschlitzen,NONSHIFTER,GOLD_STANDARD
zerschmeißen,NONSHIFTER,GOLD_STANDARD
zerschmettern,SHIFTER,BOOTSTRAPPED
zerschmoren,NONSHIFTER,GOLD_STANDARD
zerschneiden,NONSHIFTER,GOLD_STANDARD
zerschrammen,SHIFTER,BOOTSTRAPPED
zersetzen,SHIFTER,GOLD_STANDARD
zersplittern,SHIFTER,GOLD_STANDARD
zersprengen,NONSHIFTER,BOOTSTRAPPED
zerspringen,SHIFTER,BOOTSTRAPPED
zerstampfen,NONSHIFTER,BOOTSTRAPPED
zerstören,SHIFTER,BOOTSTRAPPED
zerteppern,SHIFTER,BOOTSTRAPPED
zertrümmern,SHIFTER,GOLD_STANDARD
zerwühlen,NONSHIFTER,GOLD_STANDARD
zicken,NONSHIFTER,GOLD_STANDARD
zigeunern,NONSHIFTER,GOLD_STANDARD
zittern,NONSHIFTER,GOLD_STANDARD
zögern,NONSHIFTER,GOLD_STANDARD
zoomen,NONSHIFTER,GOLD_STANDARD
zuballern,NONSHIFTER,GOLD_STANDARD
zucken,NONSHIFTER,GOLD_STANDARD
zufallen,NONSHIFTER,BOOTSTRAPPED
zufriedenstellen,NONSHIFTER,GOLD_STANDARD
zuführen,NONSHIFTER,GOLD_STANDARD
zügeln,SHIFTER,GOLD_STANDARD
zugreifen,NONSHIFTER,GOLD_STANDARD
zugrundegehen,SHIFTER,BOOTSTRAPPED
zuhören,NONSHIFTER,GOLD_STANDARD
zukitten,NONSHIFTER,GOLD_STANDARD
zukorken,NONSHIFTER,BOOTSTRAPPED
zulegen,NONSHIFTER,GOLD_STANDARD
zuleiten,NONSHIFTER,GOLD_STANDARD
zumachen,SHIFTER,GOLD_STANDARD
zumessen,NONSHIFTER,GOLD_STANDARD
zunichtemachen,SHIFTER,BOOTSTRAPPED
zupfen,NONSHIFTER,GOLD_STANDARD
zurasen,NONSHIFTER,GOLD_STANDARD
zurechtschneiden,NONSHIFTER,GOLD_STANDARD
zurollen,NONSHIFTER,GOLD_STANDARD
zurückfahren,NONSHIFTER,BOOTSTRAPPED
zurückfallen,NONSHIFTER,GOLD_STANDARD
zurückgehen,SHIFTER,BOOTSTRAPPED
zurückhalten,SHIFTER,GOLD_STANDARD
zurückholen,NONSHIFTER,GOLD_STANDARD
zurücklassen,NONSHIFTER,BOOTSTRAPPED
zurückmüssen,NONSHIFTER,GOLD_STANDARD
zurücknehmen,SHIFTER,GOLD_STANDARD
zurückrufen,NONSHIFTER,GOLD_STANDARD
zurückschieben,NONSHIFTER,BOOTSTRAPPED
zurückschlagen,SHIFTER,BOOTSTRAPPED
zurücksinken,NONSHIFTER,GOLD_STANDARD
zurückstecken,NONSHIFTER,GOLD_STANDARD
zurückstellen,SHIFTER,GOLD_STANDARD
zurücktreten,SHIFTER,GOLD_STANDARD
zurückweichen,SHIFTER,BOOTSTRAPPED
zurückweisen,SHIFTER,BOOTSTRAPPED
zurückwerfen,SHIFTER,BOOTSTRAPPED
zurückziehen,SHIFTER,BOOTSTRAPPED
zusamenstehen,NONSHIFTER,GOLD_STANDARD
zusammenarbeiten,NONSHIFTER,GOLD_STANDARD
zusammenballen,NONSHIFTER,BOOTSTRAPPED
zusammenbinden,NONSHIFTER,GOLD_STANDARD
zusammenbrauen,NONSHIFTER,GOLD_STANDARD
zusammenbrechen,SHIFTER,BOOTSTRAPPED
zusammenbringen,NONSHIFTER,GOLD_STANDARD
zusammenfahren,NONSHIFTER,GOLD_STANDARD
zusammenfallen,SHIFTER,GOLD_STANDARD
zusammenkneten,NONSHIFTER,GOLD_STANDARD
zusammenkrümmen,NONSHIFTER,GOLD_STANDARD
zusammenmontieren,NONSHIFTER,GOLD_STANDARD
zusammennehmen,NONSHIFTER,GOLD_STANDARD
zusammenprallen,NONSHIFTER,GOLD_STANDARD
zusammensacken,NONSHIFTER,BOOTSTRAPPED
zusammenschieben,NONSHIFTER,GOLD_STANDARD
zusammenschlagen,SHIFTER,BOOTSTRAPPED
zusammenschnurzeln,SHIFTER,GOLD_STANDARD
zusammenschrumpeln,NONSHIFTER,GOLD_STANDARD
zusammenschweißen,NONSHIFTER,GOLD_STANDARD
zusammensinken,NONSHIFTER,BOOTSTRAPPED
zusammenstauchen,NONSHIFTER,GOLD_STANDARD
zusammenstreichen,NONSHIFTER,GOLD_STANDARD
zusammenstürzen,SHIFTER,GOLD_STANDARD
zusammentreffen,NONSHIFTER,GOLD_STANDARD
zuschließen,NONSHIFTER,GOLD_STANDARD
zuschnappen,NONSHIFTER,GOLD_STANDARD
zuschütten,NONSHIFTER,GOLD_STANDARD
zusichern,NONSHIFTER,GOLD_STANDARD
zustecken,NONSHIFTER,GOLD_STANDARD
zustoßen,NONSHIFTER,GOLD_STANDARD
zutragen,NONSHIFTER,GOLD_STANDARD
zuvorkommen,SHIFTER,BOOTSTRAPPED
zuwenden,NONSHIFTER,GOLD_STANDARD
zuwiderhandeln,NONSHIFTER,GOLD_STANDARD
zwacken,NONSHIFTER,BOOTSTRAPPED
zwecken,NONSHIFTER,GOLD_STANDARD
zwicken,NONSHIFTER,BOOTSTRAPPED
zwingen,NONSHIFTER,GOLD_STANDARD
zwischenlanden,NONSHIFTER,GOLD_STANDARD
zwischenparken,NONSHIFTER,GOLD_STANDARD
zwitschern,NONSHIFTER,GOLD_STANDARD